make,model,MAPE_pct,n,MAE,R2,mean_price
Audi,A3,9.370192338303166,8,105906.078125,0.959064245223999,1599375.0
Audi,A5,6.9760219011489015,6,164558.296875,0.9412956833839417,2488333.3333333335
Audi,Q3,8.587677590277421,12,147633.265625,0.9263886213302612,1936666.6666666667
BAIC,U5 Plus,4.772878752043637,5,38393.9140625,-0.01207435131072998,839000.0
BMW,218i,8.683106274306457,5,123093.9765625,0.8108603954315186,1620000.0
BMW,316,19.64422245624453,9,201595.1875,-0.3250608444213867,967222.2222222222
BMW,318i,6.886355565214439,14,81200.2265625,0.76567542552948,1175714.2857142857
BMW,320i,8.581627003918864,20,201436.75,0.7970073819160461,2163250.0
BMW,520,8.662559456403416,12,216612.0,0.951410710811615,2414583.3333333335
BMW,530,7.555419280635331,5,247621.078125,0.9095616936683655,2940000.0
BMW,X1,5.5448630345252745,12,94731.0625,0.9732805490493774,1782083.3333333333
BMW,X3,10.087519182889602,21,150214.15625,0.7757270336151123,1450476.1904761905
BMW,X5,11.94704713960823,9,293480.0,0.9702293276786804,3733333.3333333335
BMW,X6,3.699767469326502,7,223519.0,0.7433656454086304,6014285.714285715
BYD,F3,10.344888110239117,35,57408.76953125,0.6204845905303955,480714.28571428574
BYD,Song L,10.585243436199402,5,174701.03125,0.16952556371688843,1724000.0
Brilliance,FSV,16.227344089683378,7,39793.94140625,0.350127637386322,286428.5714285714
Changan,Benni Mini,20.565260137362888,6,61124.84375,0.23793858289718628,270000.0
Changan,CS55,9.910868343927543,5,111909.375,0.3790539503097534,1099000.0
Changan,CS55 Plus,13.15015407010582,5,105490.734375,0.1609014868736267,1016000.0
Chery,Arrizo 5,11.266155637680232,19,277619.1875,-0.026479244232177734,853421.052631579
Chery,Arrizo 5 Pro,13.934144770220009,10,58670.7265625,0.15285062789916992,496000.0
Chery,Envy,13.479791126256016,6,36850.3125,-1.5278382301330566,306500.0
Chery,Tiggo,16.457069456606348,11,246118.859375,0.41410064697265625,872727.2727272727
Chery,Tiggo 3,7.582686818064276,21,42235.6875,0.5006458759307861,589571.380952381
Chery,Tiggo 7,4.567678145143262,11,38612.921875,0.7675541639328003,825272.7272727273
Chery,Tiggo 7 Pro,15.286333287928064,6,176877.046875,-0.6538926362991333,1081666.6666666667
Chery,Tiggo 8,3.264371702826846,6,35040.64453125,0.7925006151199341,1077500.0
Chevrolet,Avalanche,130.2504353334334,7,233235.34375,-1.935917615890503,473571.4285714286
Chevrolet,Aveo,9.48834474290999,48,23210.7109375,0.7380061745643616,356249.9583333333
Chevrolet,Captiva,4.101711693673467,8,36544.6015625,0.8881160616874695,959375.0
Chevrolet,Cruze,16.049394341116578,37,390067.1875,0.6775854825973511,1063648.6216216215
Chevrolet,Lanos,8.711195152697414,54,25193.646484375,0.5787051916122437,296111.1111111111
Chevrolet,N300,13.128984063992885,6,73352.78125,-0.566393256187439,485000.0
Chevrolet,Optra,9.31375050077047,67,37050.7109375,0.7954195737838745,445268.6567164179
Chevrolet,Spark,11.025747841038639,9,22401.771484375,0.1706463098526001,219444.44444444444
Citroën,C Elysee,9.028065868400612,15,44964.21484375,0.697121262550354,510000.0
Citroën,C3 Aircross,4.763442955118579,6,32595.052734375,0.1547863483428955,719166.6666666666
Citroën,C4,6.712013799459717,7,34031.1328125,0.9747077226638794,552857.1428571428
Citroën,C5 Aircross,6.766815365546129,12,88049.2578125,0.8323948979377747,1307083.3333333333
Citroën,Grand C4 Spacetourer,12.171240303583328,7,61394.47265625,0.9107150435447693,443571.4285714286
Cupra,Leon,2.678276670550337,5,42931.44921875,0.6711691617965698,1687000.0
Daewoo,Lacetti,8.495209672834122,5,35551.3984375,0.5051523447036743,426000.0
Daewoo,Lanos,13.0022866372074,57,25256.724609375,0.27366358041763306,236140.31578947368
Daewoo,Matiz,16.19619782602099,6,22202.162109375,-0.25093746185302734,138000.0
Daewoo,Nubira,15.626831553069973,50,25849.126953125,0.03724139928817749,221040.0
Fiat,127,26.382698622659216,12,12914.3154296875,-0.41956186294555664,45708.333333333336
Fiat,128,22.44089331939821,31,13712.61328125,0.5412802696228027,61451.6129032258
Fiat,131,19.520280112179485,5,21312.787109375,-1.1782593727111816,91000.0
Fiat,Grand Punto,24.647373037945183,24,315278.28125,0.09443908929824829,595312.5
Fiat,Punto,10.452568455729233,11,29366.380859375,0.8749374151229858,286636.2727272727
Fiat,Shahin,33.28786350544449,11,31155.767578125,-0.03553581237792969,108000.0
Fiat,Siena,11.096400761732452,17,17922.83984375,-0.3094598054885864,153117.64705882352
Fiat,Tipo,6.04645735708136,32,42786.82421875,0.7352184653282166,713906.25
Ford,Bronco Raptor,41.74364810997811,10,92965.625,-6.275305271148682,192000.0
Ford,Focus,8.280833997411936,11,34467.47265625,0.949901282787323,439545.45454545453
Ford,Kuga,11.417030716706458,9,112443.296875,0.06088966131210327,821111.1111111111
Geely,Coolray,8.072935926683526,5,79264.359375,0.6287174224853516,974000.0
Geely,Emgrand,11.349268188816787,13,34069.4140625,0.9602823853492737,411076.92307692306
Geely,Emgrand 7,13.166215184180064,9,43318.0078125,-0.07861065864562988,320888.8888888889
Geely,Emgrand X7,25.871293529950997,14,93856.6796875,0.8666649460792542,527857.1428571428
Geely,Pandino,19.784662999298636,8,46061.30859375,-0.2499762773513794,261250.0
Haval,H6,10.522485788076432,8,96633.890625,0.3754767179489136,1169875.0
Honda,Accord,48.25691886383293,7,128781.875,0.93458092212677,1047142.8571428572
Honda,City,23.06298105656353,7,110546.5703125,-0.6000868082046509,450000.0
Honda,Civic,16.352342607694553,21,89308.140625,0.8823206424713135,607142.8571428572
Hyundai,Accent,9.82594842814167,30,32505.30859375,0.9565187096595764,404779.3333333333
Hyundai,Accent RB,7.069717090787378,16,42062.70703125,0.8804620504379272,635000.0
Hyundai,Avante,10.325409003736363,10,61574.36328125,0.8759331107139587,593500.0
Hyundai,Elantra,12.359954783490098,16,87369.875,0.8543750643730164,716250.0
Hyundai,Elantra AD,8.012715997660129,10,72783.1640625,0.20279288291931152,933000.0
Hyundai,Elantra CN7,8.59551647881212,13,102703.859375,0.6338035464286804,1104617.3076923077
Hyundai,Elantra HD,14.549904463768215,8,75997.03125,0.14231616258621216,614375.0
Hyundai,Elantra MD,8.998719947288551,10,54905.4453125,0.153789222240448,635500.0
Hyundai,Excel,27.18183297363787,12,35112.45703125,-1.6182160377502441,137916.66666666666
Hyundai,Getz,8.498365025503807,11,31175.642578125,0.4771196246147156,401363.63636363635
Hyundai,I10,12.0173835059788,8,41417.40234375,0.7732255458831787,373124.875
Hyundai,I30,9.776917859651853,5,109920.4140625,0.8106409907341003,1142800.0
Hyundai,IX35,5.183912569021861,5,44190.94921875,0.4157668948173523,848000.0
Hyundai,Matrix,8.4382368727486,19,36419.82421875,0.030418992042541504,430526.3157894737
Hyundai,Tucson,17.01125279632174,68,143221.03125,0.8425737023353577,995573.9705882353
Hyundai,Verna,13.54571246789678,42,37611.37109375,0.098141610622406,328333.3333333333
JAC,J7,8.921377823479652,7,60924.03515625,0.8575057983398438,800128.5714285715
JAC,S2,10.7627792165762,6,51139.55859375,0.8338804841041565,575650.0
Jeep,Cherokee,12.742518659855548,24,171767.671875,0.8899527788162231,1084583.3333333333
Jeep,Grand Cherokee,12.770421919322917,17,335242.96875,0.9275181889533997,2608235.294117647
Jeep,Liberty,10.782039165706758,5,54468.6015625,-2.126023292541504,495000.0
Jeep,Renegade,8.139273760048223,12,63055.328125,0.8845481872558594,857500.0
Jeep,Wrangler,25.70685362826731,5,676535.125,-0.7816438674926758,1970000.0
Jetour,T2,1.1536435161829899,5,21909.400390625,0.950965404510498,1811000.0
Kia,Carens,13.099172542535811,18,111830.0078125,0.45018893480300903,809722.2222222222
Kia,Carnival,15.107615937525601,9,389816.09375,-0.2614316940307617,2753888.888888889
Kia,Carnival MPV,25.9589047174553,20,187132.703125,0.7055885791778564,579000.0
Kia,Cerato,8.31396354638086,52,48809.0859375,0.895550012588501,666692.3076923077
Kia,Grand Cerato,5.799991710657296,6,53077.23046875,0.43494904041290283,863333.3333333334
Kia,K3,8.94621305827837,7,88480.859375,0.8359510898590088,972857.1428571428
Kia,Picanto,7.515011302200068,22,33717.43359375,0.7027786374092102,430454.54545454547
Kia,Pride,28.54129963339304,11,122786.453125,-0.004558682441711426,250000.0
Kia,Rio,9.07808910494421,42,40596.45703125,0.8524535894393921,460357.11904761905
Kia,Shuma,16.378979001913265,7,30959.447265625,-0.21334326267242432,202142.85714285713
Kia,Sorento,10.507315354938624,12,221769.359375,0.7925525307655334,2414916.6666666665
Kia,Sportage,11.299379927966816,55,157327.8125,0.7877132892608643,1390800.0
Kia,Xceed,5.3555180915073235,8,67577.5078125,0.8461699485778809,1235625.0
Lada,2107,15.466686745260485,14,14454.75,0.5352660417556763,103921.42857142857
Lada,Granta,7.703923576136424,9,28100.4921875,0.7160899043083191,348333.3333333333
Land Rover,Range Rover,18.42691943988526,17,986189.5,0.5908908247947693,5808235.294117647
Land Rover,Range Rover Evoque,7.638201036227485,5,147154.125,0.933167040348053,2860000.0
Land Rover,Range Rover Sport,7.272838962317577,5,351516.34375,0.3146536350250244,4640000.0
Land Rover,Range Rover Velar,3.4436630713374194,6,144153.421875,0.9630054235458374,4341666.666666667
Land Rover,Range Rover Vogue,50.8628668625329,7,2346739.75,0.3263140916824341,7742857.0
MG,5,8.03954005899346,23,55139.09765625,0.5743076801300049,740130.4347826086
MG,6,6.68170061667393,10,59239.53125,0.5923240184783936,876500.0
MG,7,4.776964332409897,9,74803.1796875,-0.14727365970611572,1572777.7777777778
MG,HS,4.912031363483696,12,61674.22265625,0.7716140151023865,1143333.3333333333
MG,RX5,4.3807675110727775,16,45625.90234375,0.9529796242713928,1040625.0
MG,ZS,24.81701273760516,23,90645.2109375,-0.01775813102722168,842349.5652173914
Mazda,3,9.28643631132858,10,40751.69140625,0.896375298500061,507500.0
Mazda,323,15.311426903115951,10,21372.244140625,0.9655083417892456,244000.0
Mercedes,200,51.93655490412026,9,224408.484375,0.8609816431999207,568888.8888888889
Mercedes,A180,6.649128899863761,6,116847.7734375,-0.32936978340148926,1706666.6666666667
Mercedes,A200,7.940733688098603,7,144677.390625,0.7583223581314087,1896285.7142857143
Mercedes,C180,8.7157684078662,93,170266.765625,0.925869882106781,2115881.709677419
Mercedes,C200,9.815599273669125,49,263172.15625,0.7824438214302063,2719387.7551020407
Mercedes,C30,9.915287881059472,5,339848.09375,0.8406656384468079,3340000.0
Mercedes,CLA200,4.734913693274374,15,113162.3046875,0.894650399684906,2166666.6666666665
Mercedes,E180,10.497285154189925,7,257112.71875,-0.06023859977722168,2421428.5714285714
Mercedes,E200,26.40242323292995,40,335818.1875,0.8960504531860352,3411250.0
Mercedes,E250,12.50770381007775,7,190359.125,0.6086730360984802,1511428.5714285714
Mercedes,E300,7.7407350138869475,8,296001.28125,0.8874112963676453,3737500.0
Mercedes,EQE350,9.885351064120014,6,275796.09375,-0.06519186496734619,2946666.6666666665
Mercedes,G63,36.51311007101265,5,2550350.0,-0.9965139627456665,9840000.0
Mercedes,GLA200,13.62096360740585,11,294636.34375,0.43530672788619995,2311818.1818181816
Mercedes,GLC200,13.849902156678198,8,985503.125,-0.8129067420959473,4854500.0
Mercedes,GLC300,5.807606502082772,8,330249.5,0.29285597801208496,5387500.0
Mercedes,GLE450,4.699411734911649,6,238587.796875,0.8279060125350952,5125000.0
Mercedes,GLS,30.39815303429636,6,2084152.375,-2.842207431793213,6825000.0
Mercedes,Viano,5.181622945277555,5,324003.40625,-0.09138834476470947,6350000.0
Mitsubishi,Attrage,12.292917637809213,9,52248.09765625,-0.239874005317688,406111.0
Mitsubishi,Colt,20.082344299424275,5,46289.51953125,0.24109232425689697,258000.0
Mitsubishi,Eclipse Cross,16.896494577691985,9,174029.671875,-0.11740922927856445,1097777.7777777778
Mitsubishi,Lancer,9.49924944957787,32,37295.1796875,0.9274007678031921,473437.5
Mitsubishi,Lancer EX Shark,7.78861868002772,27,37256.30078125,0.8522789478302002,595814.8148148148
Mitsubishi,Lancer Puma,8.734222413777788,17,39075.0234375,0.41746842861175537,434411.76470588235
Mitsubishi,Xpander,3.7318299593881257,7,42963.95703125,0.9281507134437561,1146428.5714285714
Nissan,Bluebird,19.983486034621464,6,211588.921875,0.000845789909362793,880000.0
Nissan,Juke,10.365180832769989,10,88920.6953125,0.5938268899917603,874000.0
Nissan,Qashqai,7.2411480758211315,31,62821.1171875,0.9487829208374023,908064.5161290322
Nissan,Sentra,3.8333777286469584,20,25322.931640625,0.9377220273017883,708475.0
Nissan,Sunny,9.804871626474924,99,42558.6953125,0.8156074285507202,478390.9090909091
Nissan,X-Trail,9.733822751782533,5,87561.1171875,0.972461462020874,945000.0
Opel,Astra,12.03502832754453,64,90740.9140625,0.03219115734100342,575593.765625
Opel,Corsa,11.582939432332514,31,42619.57421875,0.9679564237594604,451064.51612903224
Opel,Crossland,11.990504275141541,8,109634.4375,0.6073857545852661,936250.0
Opel,Grandland,9.02193555939491,14,105680.203125,0.9283267855644226,1481428.5714285714
Opel,Insignia,7.391495450965725,20,60817.3359375,0.7570245265960693,819500.0
Opel,Mokka,8.858323549206416,7,85192.1796875,0.6972408294677734,943571.4285714285
Opel,Vectra,15.702707239705388,28,37314.96484375,0.5696678161621094,280714.28571428574
Peugeot,2008,8.794320413384577,11,78252.9921875,0.6834592819213867,785000.0
Peugeot,206,14.633649492514891,5,43747.05859375,0.5237459540367126,261000.0
Peugeot,3008,11.009836720233753,20,147739.296875,0.8606467843055725,1364950.0
Peugeot,301,9.403126081094719,25,49331.8984375,0.26182854175567627,500320.04
Peugeot,307,26.200594064353744,7,98310.8046875,-4.328120708465576,368571.4285714286
Peugeot,308 SW,8.015511185994425,5,45548.3515625,0.3800070285797119,541000.0
Peugeot,405,15.543606960901593,14,22958.923828125,0.09779399633407593,152857.14285714287
Peugeot,406,15.703790262176941,5,50779.7578125,0.5007161498069763,298160.0
Peugeot,408,12.707429162675766,5,230312.09375,-11.26290512084961,1851999.8
Peugeot,5008,7.895259662305489,8,82604.1875,0.9361748695373535,1097499.875
Peugeot,508,9.13538380900361,18,96305.796875,0.8287495970726013,1119444.4444444445
Porsche,Cayenne,49.01451675680398,6,1087246.5,0.8617430925369263,5966666.666666667
Porsche,Cayenne S,43.28089374925149,7,1024766.4375,0.7814607620239258,5757142.857142857
Porsche,Macan,10.321609348164843,8,540906.625,0.023389816284179688,4856250.0
Proton,Gen-2,11.044077032645365,12,36454.9921875,0.5305696725845337,356666.6666666667
Proton,Saga,5.906014826543618,8,26416.03125,0.9420841336250305,434375.0
Renault,Clio,17.17537974567766,19,26013.71875,0.46656984090805054,196473.68421052632
Renault,Duster,6.724289468995762,26,51031.89453125,0.8654919862747192,713269.2307692308
Renault,Fluence,7.306585706262308,18,30923.7578125,0.4203084707260132,444722.22222222225
Renault,Kadjar,6.810869777029612,24,55285.38671875,0.11783689260482788,792083.3333333334
Renault,Logan,8.203445242617601,74,29638.75390625,0.7830703258514404,360770.2702702703
Renault,Megane,10.135806298965019,40,66745.5,0.8959404826164246,641750.0
Renault,Sandero,12.282408660453136,14,49354.65234375,0.6999813914299011,455714.21428571426
Renault,Sandero Stepway,17.626284707406764,29,88736.4453125,0.6758015155792236,510724.1379310345
Rox,01,6.221423542522164,5,195314.546875,-0.019450068473815918,3399000.0
Seat,Ibiza,26.078703395715408,25,75376.71875,0.9439629912376404,674920.0
Seat,Leon,24.99854520578384,11,165175.265625,-0.2371600866317749,1155908.5454545454
Seat,Tarraco,25.994971629639846,16,225004.8125,0.7870972156524658,917500.0
Skoda,Fabia,14.129528683751143,8,29801.826171875,0.7230729460716248,247500.0
Skoda,Felicia,12.380771839683115,6,19161.115234375,-0.6316608190536499,138333.33333333334
Skoda,Kodiaq,10.243826841570627,21,180328.5625,0.6436711549758911,2057285.7142857143
Skoda,Octavia,11.901814150017952,33,100004.546875,0.890695333480835,749545.4545454546
Skoda,Octavia A4,15.51267203644742,22,54348.33984375,-0.6870654821395874,346772.6818181818
Skoda,Octavia A5,4.765469747627204,7,24029.90625,0.6018107533454895,469857.14285714284
Skoda,Octavia A8,6.8423902597650095,9,87318.2109375,0.7014087438583374,1293333.3333333333
Skoda,Octavia Combi,22.046302616305578,13,87592.96875,0.01629883050918579,214384.61538461538
Speranza,A113,7.646621026074772,20,16465.703125,-0.19684720039367676,210000.0
Speranza,A516,9.940587426930346,20,20316.478515625,0.15538352727890015,219150.0
Speranza,A620,9.982004775614953,7,28140.97265625,0.03069913387298584,251428.57142857142
Speranza,M11,11.733662552083333,5,28201.734375,-0.07961761951446533,252000.0
Speranza,Tiggo,2.7112099886690952,5,12101.2060546875,0.9898390173912048,440800.0
SsangYong,Tivoli,33.09087625038652,5,193143.0625,-0.710803747177124,784000.0
SsangYong,Tivoli XLV,18.295134394224448,7,88112.375,0.1285974383354187,649999.8571428572
Subaru,Impreza,29.1058370059177,8,139262.125,-0.3771178722381592,465000.0
Subaru,XV,6.05060051488769,16,47560.37890625,0.7328499555587769,769062.5
Suzuki,Alto,11.629866979832464,11,33114.0234375,0.42217057943344116,281818.1818181818
Suzuki,Ciaz,7.458193693113935,5,52853.63671875,0.3699027895927429,728000.0
Suzuki,Grand Vitara,20.797298529241655,19,65920.46875,0.5134188532829285,296157.8947368421
Suzuki,Swift,7.3890146102967345,21,32281.98828125,0.9739364385604858,498333.3333333333
Suzuki,Swift Dzire,7.328292901747069,9,36504.04296875,0.883143424987793,515000.0
Toyota,Corolla,9.795539997048522,64,68083.828125,0.8953638076782227,799421.875
Toyota,Corolla Cross,12.992995663764203,8,46062.7421875,0.9625496864318848,430625.0
Toyota,Fortuner,12.20002606074873,5,305727.09375,0.8203312754631042,2800000.0
Toyota,Land Cruiser,22.7820058805168,6,1360721.25,0.2457900047302246,7341666.666666667
Toyota,Yaris,6.87380011879447,14,32772.98828125,0.8563030958175659,483571.4285714286
Volkswagen,Golf,24.345391153202467,13,366906.28125,-0.03915810585021973,831153.8461538461
Volkswagen,Jetta,16.151868868795045,18,25260.07421875,0.9834980964660645,342166.6666666667
Volkswagen,Passat,11.029935241785873,23,94097.953125,0.9144930243492126,960434.7826086957
Volkswagen,Polo,7.409310298996849,5,17050.072265625,-0.2407069206237793,233000.0
Volkswagen,Tiguan,16.2736309990208,10,214798.328125,0.6626624464988708,1831500.0
Volkswagen,Transporter,26.619866619252864,6,187794.453125,0.7922391891479492,837500.0
