MAE,RMSE,R2,MAPE_pct,coverage,n,model,tier
33668.18892571238,74911.81829080726,-0.1773775359384675,21.179191155534824,81.0304449648712,854,Ensemble (Robust Avg),Budget (<300K)
48713.27102028056,81628.57343129357,0.5061375782531705,10.297963644900083,85.22311631309437,1367,Ensemble (Robust Avg),Mid-Range (300K-700K)
101194.73688299968,187088.18278951067,0.30654378478103483,10.215583770350307,90.01937984496125,1032,Ensemble (Robust Avg),Premium (700K-1.5M)
440517.58842881577,1021400.7955605274,0.7471499110801028,12.013869414361317,85.56962025316456,790,Ensemble (Robust Avg),Luxury (1.5M+)
36411.646113885734,67820.41248077249,0.03498087187253962,22.867022520661454,,854,Huber (Linear),Budget (<300K)
56895.49599816399,92783.47558624519,0.3619380572213934,11.922574086006067,,1367,Huber (Linear),Mid-Range (300K-700K)
118314.65048798453,220550.58440338066,0.03629800637674574,11.95712579247553,,1032,Huber (Linear),Premium (700K-1.5M)
524767.436955168,1146336.7241514635,0.6815104856658437,13.870631646301392,,790,Huber (Linear),Luxury (1.5M+)
35237.94934069856,84288.9884517321,-0.490585018799093,21.931539046993397,76.11241217798595,854,LightGBM,Budget (<300K)
50343.71868181828,87427.00736122525,0.43348319953199543,10.617735767304241,78.78566203365033,1367,LightGBM,Mid-Range (300K-700K)
105194.66488934765,191355.12865469934,0.27455157060215674,10.595219541494364,83.13953488372093,1032,LightGBM,Premium (700K-1.5M)
460461.0047813959,1058990.3217623287,0.7281967100263153,12.65828605983165,83.79746835443038,790,LightGBM,Luxury (1.5M+)
35991.05859375,77661.68270131673,-0.26540231704711914,22.64651592803944,85.83138173302108,854,XGBoost,Budget (<300K)
49781.30078125,83787.26585824364,0.4796714782714844,10.593660517444391,87.41770299926847,1367,XGBoost,Mid-Range (300K-700K)
107428.140625,192031.13347579865,0.2694169282913208,10.82487388298016,89.82558139534885,1032,XGBoost,Premium (700K-1.5M)
442281.71875,1017221.951410802,0.7492146492004395,12.311639217831825,87.46835443037975,790,XGBoost,Luxury (1.5M+)
