MAE,RMSE,R2,MAPE_pct,n,make,model,mean_price,coverage_pct
105906.078125,127363.27413185075,0.9590642776846932,9.370192338303166,8,Audi,A3,1599375.0,87.5
164558.29166666666,195687.63032973677,0.9412956717366623,6.9760219011489015,6,Audi,A5,2488333.3333333335,100.0
147633.265625,174104.38384296608,0.9263886489139392,8.587677590277421,12,Audi,Q3,1936666.6666666667,91.66666666666666
38393.9125,49428.20299057355,-0.012074254713067,4.772878752043637,5,BAIC,U5 Plus,839000.0,100.0
123093.975,143319.78124428383,0.8108604079566356,8.683106274306457,5,BMW,218i,1620000.0,100.0
201595.18402777778,275695.09736467345,-0.3250609568009508,19.64422245624453,9,BMW,316,967222.2222222222,66.66666666666666
81200.22321428571,102441.54903115952,0.7656754907541579,6.886355565214439,14,BMW,318i,1175714.2857142857,100.0
201436.75,274455.17962110235,0.7970073271888729,8.581627003918864,20,BMW,320i,2163250.0,100.0
216611.98177083334,297409.2742795124,0.9514106893100864,8.662559456403416,12,BMW,520,2414583.3333333335,75.0
247621.075,312151.00873540057,0.9095616741650936,7.555419280635331,5,BMW,530,2940000.0,80.0
94731.06770833333,120172.19052261188,0.9732805531851553,5.5448630345252745,12,BMW,X1,1782083.3333333333,83.33333333333334
150214.1517857143,242414.53627178542,0.7757270289359947,10.087519182889602,21,BMW,X3,1450476.1904761905,95.23809523809523
293480.0138888889,355698.61259876913,0.9702293006044058,11.94704713960823,9,BMW,X5,3733333.3333333335,100.0
223519.0,325142.4661864176,0.7433656902367352,3.699767469326502,7,BMW,X6,6014285.714285715,100.0
57408.77142857143,137756.80582023252,0.620484484647932,10.344888110239117,35,BYD,F3,480714.28571428574,80.0
174701.025,210477.61522342614,0.1695255978153002,10.585243436199402,5,BYD,Song L,1724000.0,100.0
39793.94196428572,47629.66426829405,0.35012767613440543,16.227344089683378,7,Brilliance,FSV,286428.5714285714,71.42857142857143
61124.84375,85272.12822944678,0.23793860058209093,20.565260137362888,6,Changan,Benni Mini,270000.0,100.0
111909.375,119256.64349492888,0.37905400726176375,9.910868343927543,5,Changan,CS55,1099000.0,100.0
105490.7375,163924.65379248222,0.1609014451353623,13.15015407010582,5,Changan,CS55 Plus,1016000.0,80.0
277619.21217105264,1043397.6788192232,-0.0264793291688441,11.266155637680232,19,Chery,Arrizo 5,853421.052631579,84.21052631578947
58670.725,78688.07809597885,0.1528507819894832,13.934144770220009,10,Chery,Arrizo 5 Pro,496000.0,60.0
36850.3125,52960.80597441197,-1.5278380498318977,13.479791126256016,6,Chery,Envy,306500.0,100.0
246118.85795454544,446230.3310151545,0.4141007011603056,16.457069456606348,11,Chery,Tiggo,872727.2727272727,81.81818181818183
42235.6875,64374.65643243531,0.5006458493614889,7.582686818064276,21,Chery,Tiggo 3,589571.380952381,90.47619047619048
38612.920454545456,45615.04293665552,0.7675541679324475,4.567678145143262,11,Chery,Tiggo 7,825272.7272727273,81.81818181818183
176877.05208333334,214092.9532286039,-0.6538924871175968,15.286333287928064,6,Chery,Tiggo 7 Pro,1081666.6666666667,100.0
35040.645833333336,41847.4407927611,0.7925006209741422,3.264371702826846,6,Chery,Tiggo 8,1077500.0,83.33333333333334
233235.33482142858,469532.1686189369,-1.9359177080900918,130.2504353334334,7,Chevrolet,Avalanche,473571.4285714286,71.42857142857143
23210.711588541668,39262.38323307448,0.7380061664756303,9.48834474290999,48,Chevrolet,Aveo,356249.9583333333,91.66666666666666
36544.6015625,47203.75918124857,0.8881160603543583,4.101711693673467,8,Chevrolet,Captiva,959375.0,87.5
390067.20861486485,1059466.0793834992,0.6775855398427089,16.049394341116578,37,Chevrolet,Cruze,1063648.6216216215,75.67567567567568
25193.643229166668,33516.00864168345,0.5787051757989516,8.711195152697414,54,Chevrolet,Lanos,296111.1111111111,90.74074074074075
73352.78125,130416.33576411112,-0.566393304755552,13.128984063992885,6,Chevrolet,N300,485000.0,83.33333333333334
37050.70942164179,55976.83081759793,0.7954196148723399,9.31375050077047,67,Chevrolet,Optra,445268.6567164179,91.04477611940298
22401.770833333332,27358.10941297163,0.17064626261529037,11.025747841038639,9,Chevrolet,Spark,219444.44444444444,88.88888888888889
44964.214583333334,50888.24311828381,0.6971212529046129,9.028065868400612,15,Citroën,C Elysee,510000.0,86.66666666666667
32595.052083333332,44915.03624035057,0.1547864149317173,4.763442955118579,6,Citroën,C3 Aircross,719166.6666666666,83.33333333333334
34031.13392857143,41372.950666051955,0.9747076981804587,6.712013799459717,7,Citroën,C4,552857.1428571428,100.0
88049.26041666667,107153.95050270703,0.832394880664938,6.766815365546129,12,Citroën,C5 Aircross,1307083.3333333333,100.0
61394.47321428572,100795.87637746726,0.9107150381490595,12.171240303583328,7,Citroën,Grand C4 Spacetourer,443571.4285714286,85.71428571428571
42931.45,71979.57850186572,0.6711690961344091,2.678276670550337,5,Cupra,Leon,1687000.0,100.0
35551.4,45447.70845481376,0.5051523230010182,8.495209672834122,5,Daewoo,Lacetti,426000.0,100.0
25256.72505482456,33790.001044531455,0.2736635831508679,13.0022866372074,57,Daewoo,Lanos,236140.31578947368,94.73684210526315
22202.162760416668,24925.868207584375,-0.25093739443328644,16.19619782602099,6,Daewoo,Matiz,138000.0,83.33333333333334
25849.12875,37830.65080516181,0.03724155695476772,15.626831553069973,50,Daewoo,Nubira,221040.0,92.0
12914.31494140625,18490.671356084313,-0.4195618720146246,26.382698622659216,12,Fiat,127,45708.333333333336,100.0
13712.612021169354,17958.006375742752,0.5412802717796817,22.44089331939821,31,Fiat,128,61451.6129032258,90.32258064516128
21312.78828125,30746.78016954323,-1.1782591953783799,19.520280112179485,5,Fiat,131,91000.0,100.0
315278.26253255206,1384970.725326195,0.09443910787798282,24.647373037945183,24,Fiat,Grand Punto,595312.5,75.0
29366.382102272728,37031.1020910761,0.8749374003999396,10.452568455729233,11,Fiat,Punto,286636.2727272727,100.0
31155.765625,34939.98236789762,-0.03553562974698954,33.28786350544449,11,Fiat,Shahin,108000.0,54.54545454545454
17922.839613970587,22757.67346682476,-0.30945970192589134,11.096400761732452,17,Fiat,Siena,153117.64705882352,100.0
42786.8232421875,61276.6131868187,0.7352184597035343,6.04645735708136,32,Fiat,Tipo,713906.25,100.0
92965.61953125,157184.39769028113,-6.275304734174456,41.74364810997811,10,Ford,Bronco Raptor,192000.0,90.0
34467.47585227273,39749.648857347485,0.9499012919570317,8.280833997411936,11,Ford,Focus,439545.45454545453,100.0
112443.29861111111,188656.09516198692,0.06088966656353456,11.417030716706458,9,Ford,Kuga,821111.1111111111,44.44444444444444
79264.3625,87675.73306761096,0.6287174377442538,8.072935926683526,5,Geely,Coolray,974000.0,80.0
34069.41466346154,46689.26159787957,0.9602824158811034,11.349268188816787,13,Geely,Emgrand,411076.92307692306,92.3076923076923
43318.006944444445,52737.503066443714,-0.07861067405433242,13.166215184180064,9,Geely,Emgrand 7,320888.8888888889,100.0
93856.68191964286,132501.90432445906,0.8666649652115735,25.871293529950997,14,Geely,Emgrand X7,527857.1428571428,92.85714285714286
46061.30859375,51746.33906815222,-0.24997630084022848,19.784662999298636,8,Geely,Pandino,261250.0,62.5
96633.890625,179423.18407486935,0.375476780128284,10.522485788076432,8,Haval,H6,1169875.0,87.5
128781.87946428571,187613.0409394674,0.9345809499401785,48.25691886383293,7,Honda,Accord,1047142.8571428572,85.71428571428571
110546.57142857143,188957.1178827922,-0.6000867272087067,23.06298105656353,7,Honda,City,450000.0,85.71428571428571
89308.13541666667,119736.6595585388,0.8823206464119213,16.352342607694553,21,Honda,Civic,607142.8571428572,90.47619047619048
32505.309375,46205.99194349323,0.9565186887284655,9.82594842814167,30,Hyundai,Accent,404779.3333333333,90.0
42062.70703125,54110.38264979469,0.8804620153913875,7.069717090787378,16,Hyundai,Accent RB,635000.0,81.25
61574.359375,67968.10449061794,0.8759330680458018,10.325409003736363,10,Hyundai,Avante,593500.0,60.0
87369.8759765625,114246.73648453738,0.8543750719049721,12.359954783490098,16,Hyundai,Elantra,716250.0,81.25
72783.1625,90949.5561628292,0.20279281358754575,8.012715997660129,10,Hyundai,Elantra AD,933000.0,100.0
102703.85576923077,140533.83873765546,0.633803533897164,8.59551647881212,13,Hyundai,Elantra CN7,1104617.3076923077,92.3076923076923
75997.03125,102643.92568470759,0.14231611191154958,14.549904463768215,8,Hyundai,Elantra HD,614375.0,87.5
54905.44375,71771.13475608542,0.15378934918457898,8.998719947288551,10,Hyundai,Elantra MD,635500.0,100.0
35112.454427083336,39971.84385446603,-1.618216277236042,27.18183297363787,12,Hyundai,Excel,137916.66666666666,66.66666666666666
31175.642045454544,38544.408629432684,0.47711970963433725,8.498365025503807,11,Hyundai,Getz,401363.63636363635,90.9090909090909
41417.40234375,46520.900997359015,0.7732255489057446,12.0173835059788,8,Hyundai,I10,373124.875,100.0
109920.4125,120045.231452022,0.8106409809715428,9.776917859651853,5,Hyundai,I30,1142800.0,100.0
44190.95,51022.95848437679,0.4157669900138157,5.183912569021861,5,Hyundai,IX35,848000.0,80.0
36419.82236842105,43125.35159494236,0.03041903672806645,8.4382368727486,19,Hyundai,Matrix,430526.3157894737,84.21052631578947
143221.02734375,254458.2659000151,0.8425737214909377,17.01125279632174,68,Hyundai,Tucson,995573.9705882353,85.29411764705883
37611.372767857145,54619.5043884027,0.09814162016800021,13.54571246789678,42,Hyundai,Verna,328333.3333333333,90.47619047619048
60924.03571428572,73110.46228446066,0.857505768047678,8.921377823479652,7,JAC,J7,800128.5714285715,71.42857142857143
51139.557291666664,60782.48981799588,0.8338804893279297,10.7627792165762,6,JAC,S2,575650.0,66.66666666666666
171767.66861979166,334167.4480003319,0.8899527722846897,12.742518659855548,24,Jeep,Cherokee,1084583.3333333333,91.66666666666666
335242.9632352941,455446.0939597788,0.9275182103288925,12.770421919322917,17,Jeep,Grand Cherokee,2608235.294117647,88.23529411764706
54468.6,63748.17682053187,-2.126023113801382,10.782039165706758,5,Jeep,Liberty,495000.0,100.0
63055.330729166664,81761.22948352099,0.8845482189617763,8.139273760048223,12,Jeep,Renegade,857500.0,83.33333333333334
676535.15,1107628.0935220146,-0.7816439058367883,25.70685362826731,5,Jeep,Wrangler,1970000.0,60.0
21909.4,28499.289623273944,0.9509653761753653,1.1536435161829899,5,Jetour,T2,1811000.0,100.0
111830.00347222222,204547.82347951707,0.450188986329765,13.099172542535811,18,Kia,Carens,809722.2222222222,88.88888888888889
389816.0833333333,438372.6489468923,-0.2614318649347589,15.107615937525601,9,Kia,Carnival,2753888.888888889,100.0
187132.6953125,333107.23314270546,0.7055885717758047,25.9589047174553,20,Kia,Carnival MPV,579000.0,70.0
48809.09254807692,63036.73730680534,0.8955499847186955,8.31396354638086,52,Kia,Cerato,666692.3076923077,90.38461538461539
53077.229166666664,69393.7291482282,0.4349490638086192,5.799991710657296,6,Kia,Grand Cerato,863333.3333333334,100.0
88480.85714285714,104961.37157874247,0.8359510775497694,8.94621305827837,7,Kia,K3,972857.1428571428,71.42857142857143
33717.431107954544,42981.85330186934,0.7027786128109648,7.515011302200068,22,Kia,Picanto,430454.54545454547,90.9090909090909
122786.45596590909,303690.0180717417,-0.004558766056602437,28.54129963339304,11,Kia,Pride,250000.0,81.81818181818183
40596.459077380954,54305.30522576644,0.8524535900596395,9.07808910494421,42,Kia,Rio,460357.11904761905,83.33333333333334
30959.446428571428,41409.85355073514,-0.2133432864053897,16.378979001913265,7,Kia,Shuma,202142.85714285713,85.71428571428571
221769.35416666666,331434.98843448574,0.792552538419843,10.507315354938624,12,Kia,Sorento,2414916.6666666665,91.66666666666666
157327.83863636362,198520.8460749863,0.7877133045673322,11.299379927966816,55,Kia,Sportage,1390800.0,87.27272727272727
67577.5078125,94718.51746970437,0.8461699380973842,5.3555180915073235,8,Kia,Xceed,1235625.0,100.0
14454.749720982143,19399.971930173953,0.5352660770668608,15.466686745260485,14,Lada,2107,103921.42857142857,92.85714285714286
28100.493055555555,36116.60412229466,0.7160899192275946,7.703923576136424,9,Lada,Granta,348333.3333333333,100.0
986189.5588235294,1587027.1769928362,0.5908908308614489,18.42691943988526,17,Land Rover,Range Rover,5808235.294117647,88.23529411764706
147154.125,211513.56889657368,0.9331670304341715,7.638201036227485,5,Land Rover,Range Rover Evoque,2860000.0,100.0
351516.35,443038.5751508693,0.3146537043585458,7.272838962317577,5,Land Rover,Range Rover Sport,4640000.0,100.0
144153.41666666666,173231.82958382196,0.9630054411740604,3.4436630713374194,6,Land Rover,Range Rover Velar,4341666.666666667,83.33333333333334
2346739.5714285714,3868920.460521661,0.32631409043741333,50.8628668625329,7,Land Rover,Range Rover Vogue,7742857.0,71.42857142857143
55139.09782608696,84403.9536171148,0.574307702709346,8.03954005899346,23,MG,5,740130.4347826086,82.6086956521739
59239.53125,65427.06070830123,0.5923239662933992,6.68170061667393,10,MG,6,876500.0,100.0
74803.18055555556,85357.45998191509,-0.1472736662902474,4.776964332409897,9,MG,7,1572777.7777777778,100.0
61674.223958333336,94981.911593253,0.7716140170340656,4.912031363483696,12,MG,HS,1143333.3333333333,75.0
45625.90234375,54357.81438618121,0.9529796154608545,4.3807675110727775,16,MG,RX5,1040625.0,100.0
90645.21467391304,191522.7692109491,-0.017758187915540402,24.81701273760516,23,MG,ZS,842349.5652173914,82.6086956521739
40751.690625,49485.15783088854,0.8963753146554689,9.28643631132858,10,Mazda,3,507500.0,90.0
21372.24375,26162.05171312631,0.9655083173835771,15.311426903115951,10,Mazda,323,244000.0,90.0
224408.47569444444,292762.80400369724,0.8609816305502014,51.93655490412026,9,Mercedes,200,568888.8888888889,88.88888888888889
116847.77083333333,146851.3909585856,-0.3293697208098778,6.649128899863761,6,Mercedes,A180,1706666.6666666667,100.0
144677.39285714287,155529.7192989345,0.7583223767210417,7.940733688098603,7,Mercedes,A200,1896285.7142857143,100.0
170266.76075268816,229108.00511373355,0.9258698903681838,8.7157684078662,93,Mercedes,C180,2115881.709677419,92.47311827956989
263172.1594387755,398448.6595169624,0.7824437988124915,9.815599273669125,49,Mercedes,C200,2719387.7551020407,97.95918367346938
339848.1,385852.3405562677,0.8406656370796768,9.915287881059472,5,Mercedes,C30,3340000.0,100.0
113162.30833333333,159646.83862483193,0.8946503941717823,4.734913693274374,15,Mercedes,CLA200,2166666.6666666665,100.0
257112.7142857143,279096.90347037173,-0.060238609669652776,10.497285154189925,7,Mercedes,E180,2421428.5714285714,71.42857142857143
335818.18671875,555124.606080307,0.8960504560105552,26.40242323292995,40,Mercedes,E200,3411250.0,90.0
190359.125,240807.5368492338,0.6086730174402479,12.50770381007775,7,Mercedes,E250,1511428.5714285714,85.71428571428571
296001.28125,373903.08580137324,0.8874112857104002,7.7407350138869475,8,Mercedes,E300,3737500.0,75.0
275796.0833333333,345742.953664912,-0.06519179215884918,9.885351064120014,6,Mercedes,EQE350,2946666.6666666665,100.0
2550350.1,4429282.165241254,-0.9965135247215919,36.51311007101265,5,Mercedes,G63,9840000.0,80.0
294636.32954545453,432712.53327760374,0.4353067841998436,13.62096360740585,11,Mercedes,GLA200,2311818.1818181816,100.0
985503.0625,2130823.8762580375,-0.8129069068130603,13.849902156678198,8,Mercedes,GLC200,4854500.0,87.5
330249.5,432250.7408220228,0.29285600306114723,5.807606502082772,8,Mercedes,GLC300,5387500.0,100.0
238587.79166666666,272754.0814775013,0.827906030351494,4.699411734911649,6,Mercedes,GLE450,5125000.0,100.0
2084152.5,2181085.37959382,-2.8422077198004376,30.39815303429636,6,Mercedes,GLS,6825000.0,33.33333333333333
324003.4,417878.14701249934,-0.09138841094124994,5.181622945277555,5,Mercedes,Viano,6350000.0,100.0
52248.09722222222,68075.32302109504,-0.23987398774337065,12.292917637809213,9,Mitsubishi,Attrage,406111.0,77.77777777777779
46289.51875,52602.06702806273,0.24109230509467783,20.082344299424275,5,Mitsubishi,Colt,258000.0,60.0
174029.65972222222,261115.43557528622,-0.11740913854592638,16.896494577691985,9,Mitsubishi,Eclipse Cross,1097777.7777777778,77.77777777777779
37295.181640625,50872.24731988308,0.9274007632088135,9.49924944957787,32,Mitsubishi,Lancer,473437.5,96.875
37256.30092592593,48726.16578447715,0.8522789215422315,7.78861868002772,27,Mitsubishi,Lancer EX Shark,595814.8148148148,96.29629629629629
39075.02573529412,48481.79738737994,0.4174684230200948,8.734222413777788,17,Mitsubishi,Lancer Puma,434411.76470588235,94.11764705882352
42963.955357142855,58427.06143604946,0.9281507006165788,3.7318299593881257,7,Mitsubishi,Xpander,1146428.5714285714,100.0
211588.91666666666,286002.48290387215,0.000845844130541229,19.983486034621464,6,Nissan,Bluebird,880000.0,83.33333333333334
88920.69375,112417.40251191615,0.5938268179107099,10.365180832769989,10,Nissan,Juke,874000.0,100.0
62821.11088709677,77671.40710276182,0.9487829390654143,7.2411480758211315,31,Nissan,Qashqai,908064.5161290322,90.32258064516128
25322.93125,37744.175653332386,0.9377220527361376,3.8333777286469584,20,Nissan,Sentra,708475.0,100.0
42558.6966540404,62590.56816993367,0.8156073910066269,9.804871626474924,99,Nissan,Sunny,478390.9090909091,83.83838383838383
87561.11875,130255.54240399142,0.9724614407937705,9.733822751782533,5,Nissan,X-Trail,945000.0,100.0
90740.91064453125,372698.59603750927,0.03219129605391202,12.03502832754453,64,Opel,Astra,575593.765625,82.8125
42619.57106854839,56713.89135716402,0.9679564272957949,11.582939432332514,31,Opel,Corsa,451064.51612903224,93.54838709677419
109634.4375,126290.69861939324,0.6073857472604476,11.990504275141541,8,Opel,Crossland,936250.0,75.0
105680.20535714286,131385.28734723842,0.9283267760888453,9.02193555939491,14,Opel,Grandland,1481428.5714285714,85.71428571428571
60817.34375,74041.01891046083,0.7570245661979981,7.391495450965725,20,Opel,Insignia,819500.0,100.0
85192.17857142857,116023.06325983343,0.6972408559421797,8.858323549206416,7,Opel,Mokka,943571.4285714285,57.14285714285714
37314.96595982143,58698.48031746826,0.5696678315492762,15.702707239705388,28,Opel,Vectra,280714.28571428574,89.28571428571429
78252.98863636363,124344.58103284464,0.6834592906112594,8.794320413384577,11,Peugeot,2008,785000.0,100.0
43747.059375,57507.46524316642,0.523745887284851,14.633649492514891,5,Peugeot,206,261000.0,60.0
147739.309375,194774.67524703135,0.8606467973798269,11.009836720233753,20,Peugeot,3008,1364950.0,95.0
49331.8975,69277.26019195892,0.2618284299417395,9.403126081094719,25,Peugeot,301,500320.04,84.0
98310.79910714286,115860.27356740764,-4.3281210738324205,26.200594064353744,7,Peugeot,307,368571.4285714286,71.42857142857143
45548.35,64181.25430727479,0.3800070131765385,8.015511185994425,5,Peugeot,308 SW,541000.0,100.0
22958.91964285714,27265.35198907333,0.09779389386216253,15.543606960901593,14,Peugeot,405,152857.14285714287,78.57142857142857
50779.759375,68517.42306397109,0.5007161673037861,15.703790262176941,5,Peugeot,406,298160.0,100.0
230312.1,259608.72111909828,-11.262904571852157,12.707429162675766,5,Peugeot,408,1851999.8,100.0
82604.1875,93268.19078236913,0.9361748677316584,7.895259662305489,8,Peugeot,5008,1097499.875,87.5
96305.79861111111,120966.18011251873,0.828749616365347,9.13538380900361,18,Peugeot,508,1119444.4444444445,100.0
1087246.5,1159380.941632466,0.8617431141670258,49.01451675680398,6,Porsche,Cayenne,5966666.666666667,83.33333333333334
1024766.4642857143,1319190.4686391717,0.7814607795208205,43.28089374925149,7,Porsche,Cayenne S,5757142.857142857,85.71428571428571
540906.65625,773983.9677223668,0.023389781146519795,10.321609348164843,8,Porsche,Macan,4856250.0,62.5
36454.9921875,50023.235285553434,0.5305697422427401,11.044077032645365,12,Proton,Gen-2,356666.6666666667,75.0
26416.03125,33223.748679981705,0.942084139709014,5.906014826543618,8,Proton,Saga,434375.0,100.0
26013.71957236842,32161.618423872034,0.46656991370000656,17.17537974567766,19,Renault,Clio,196473.68421052632,78.94736842105263
51031.89182692308,64751.49457609137,0.865491954716819,6.724289468995762,26,Renault,Duster,713269.2307692308,100.0
30923.760416666668,38687.03168256756,0.42030853804466395,7.306585706262308,18,Renault,Fluence,444722.22222222225,88.88888888888889
55285.385416666664,69535.62771801946,0.1178368665065842,6.810869777029612,24,Renault,Kadjar,792083.3333333334,95.83333333333334
29638.755912162163,38754.37201680348,0.7830702969532318,8.203445242617601,74,Renault,Logan,360770.2702702703,94.5945945945946
66745.496875,91032.84632410874,0.8959405098938065,10.135806298965019,40,Renault,Megane,641750.0,95.0
49354.654017857145,66947.07631650686,0.6999813820527845,12.282408660453136,14,Renault,Sandero,455714.21428571426,85.71428571428571
88736.4520474138,175008.66581687896,0.6758015318008184,17.626284707406764,29,Renault,Sandero Stepway,510724.1379310345,82.75862068965517
195314.55,284532.2751860718,-0.0194501677608796,6.221423542522164,5,Rox,01,3399000.0,100.0
75376.72,91986.78638623397,0.9439629989394451,26.078703395715408,25,Seat,Ibiza,674920.0,84.0
165175.26704545456,321442.4252853356,-0.2371601127372871,24.99854520578384,11,Seat,Leon,1155908.5454545454,90.9090909090909
225004.81396484375,288692.66823418473,0.787097214440277,25.994971629639846,16,Seat,Tarraco,917500.0,68.75
29801.826171875,36077.10111788331,0.7230729308361752,14.129528683751143,8,Skoda,Fabia,247500.0,87.5
19161.114583333332,27013.23721324029,-0.6316608354407727,12.380771839683115,6,Skoda,Felicia,138333.33333333334,100.0
180328.56547619047,307140.3746163341,0.6436711784626131,10.243826841570627,21,Skoda,Kodiaq,2057285.7142857143,95.23809523809523
100004.546875,162957.94883487417,0.8906953525757253,11.901814150017952,33,Skoda,Octavia,749545.4545454546,72.72727272727273
54348.34801136364,64814.679936977984,-0.6870653209591291,15.51267203644742,22,Skoda,Octavia A4,346772.6818181818,68.18181818181817
24029.90625,34513.81511988906,0.6018107576960674,4.765469747627204,7,Skoda,Octavia A5,469857.14285714284,100.0
87318.20833333333,111093.53397341866,0.7014087107087954,6.8423902597650095,9,Skoda,Octavia A8,1293333.3333333333,100.0
87592.96754807692,214286.71941652283,0.016298829387689007,22.046302616305578,13,Skoda,Octavia Combi,214384.61538461538,69.23076923076923
16465.70234375,21043.607611597894,-0.19684708462405642,7.646621026074772,20,Speranza,A113,210000.0,100.0
20316.47734375,24953.44594827621,0.15538356247760365,9.940587426930346,20,Speranza,A516,219150.0,95.0
28140.973214285714,45400.96984621179,0.030699087467802588,9.982004775614953,7,Speranza,A620,251428.57142857142,100.0
28201.734375,34398.558945631485,-0.07961757074460207,11.733662552083333,5,Speranza,M11,252000.0,100.0
12101.20625,14315.471158779636,0.9898390011732195,2.7112099886690952,5,Speranza,Tiggo,440800.0,100.0
193143.0625,241689.23335334111,-0.7108038167445461,33.09087625038652,5,SsangYong,Tivoli,784000.0,60.0
88112.37723214286,183604.99780768837,0.12859751438837486,18.295134394224448,7,SsangYong,Tivoli XLV,649999.8571428572,85.71428571428571
139262.1328125,160822.8705372272,-0.37711790683973323,29.1058370059177,8,Subaru,Impreza,465000.0,62.5
47560.37890625,57571.80550906819,0.7328499613116602,6.05060051488769,16,Subaru,XV,769062.5,100.0
33114.025568181816,41358.989776096176,0.42217060225793823,11.629866979832464,11,Suzuki,Alto,281818.1818181818,72.72727272727273
52853.6375,57383.690343101574,0.36990280953062216,7.458193693113935,5,Suzuki,Ciaz,728000.0,100.0
65920.46833881579,101415.03042811343,0.5134187978262417,20.797298529241655,19,Suzuki,Grand Vitara,296157.8947368421,89.47368421052632
32281.986235119046,40067.58702975534,0.9739364455001528,7.3890146102967345,21,Suzuki,Swift,498333.3333333333,100.0
36504.039930555555,50104.57814422953,0.8831434250886949,7.328292901747069,9,Suzuki,Swift Dzire,515000.0,88.88888888888889
68083.82482910156,120286.43021397154,0.895363815374011,9.795539997048522,64,Toyota,Corolla,799421.875,90.625
46062.7421875,53307.06297845394,0.9625497125501271,12.992995663764203,8,Toyota,Corolla Cross,430625.0,87.5
305727.1,333219.5537997808,0.8203312766431634,12.20002606074873,5,Toyota,Fortuner,2800000.0,100.0
1360721.25,1730273.6634198097,0.24579003018371626,22.7820058805168,6,Toyota,Land Cruiser,7341666.666666667,83.33333333333334
32772.986607142855,38287.44279802631,0.8563031047269923,6.87380011879447,14,Toyota,Yaris,483571.4285714286,100.0
366906.2764423077,908570.2000017451,-0.03915809034307505,24.345391153202467,13,Volkswagen,Golf,831153.8461538461,76.92307692307693
25260.074652777777,30411.372054931722,0.9834980951319074,16.151868868795045,18,Volkswagen,Jetta,342166.6666666667,83.33333333333334
94097.95108695653,117733.6773892722,0.9144930456419705,11.029935241785873,23,Volkswagen,Passat,960434.7826086957,100.0
17050.071875,20719.18435831577,-0.24070693778577157,7.409310298996849,5,Volkswagen,Polo,233000.0,100.0
214798.325,341372.2631102985,0.66266246635115,16.2736309990208,10,Volkswagen,Tiguan,1831500.0,90.0
187794.4609375,285701.4872443628,0.7922391567079344,26.619866619252864,6,Volkswagen,Transporter,837500.0,66.66666666666666
