MAE,RMSE,R2,MAPE_pct,n,make,coverage_pct
69015.19230769231,93360.98943887006,0.7633026641629006,3.8383859446096027,13,Cupra,100.0
57948.60658482143,80316.08794977583,0.9611928837296143,7.85083713810936,56,Citroën,89.28571428571429
51120.333984375,63201.32435929535,0.8938436362628098,8.75768805505587,16,JAC,75.0
85047.68229166667,155799.84755904673,0.3613024878566621,8.91700172195748,12,Haval,91.66666666666666
58901.91892857143,113382.82966059506,0.9080725559511045,9.100896660565411,175,Nissan,88.0
121175.38157894737,186357.4721800883,0.756993181406338,9.210922449956099,19,Jetour,84.21052631578947
49659.75600265444,83105.8197311592,0.9133444971404499,10.11177463127477,259,Renault,91.5057915057915
23327.74951923077,33577.9131153736,0.822863059463204,10.400482568342943,65,Speranza,95.38461538461539
235863.9370888158,421772.82505567797,0.9226897311122946,10.643258497378294,152,BMW,88.81578947368422
61527.510858050846,106783.1414226691,0.8964773296697643,10.687780631047008,118,Mitsubishi,91.52542372881356
146263.71937779017,425998.0765798459,0.9371119993573086,10.890971071490839,112,Toyota,90.17857142857143
245454.37347560975,417210.74632073933,0.8986832836274803,11.126256321643211,41,Audi,90.2439024390244
34553.3671875,44861.661461475866,0.8587381488158498,11.230712557105118,26,Proton,84.61538461538461
174938.93181818182,260588.81325134356,0.8748122748535502,11.389787510272432,11,Mini,100.0
102269.37246767241,184731.2381003558,0.9268702739081278,11.750957882316367,290,Kia,87.93103448275862
42646.4421073718,62975.97962012681,0.9208969825465957,11.774550077923507,78,Suzuki,91.02564102564102
72045.82982142858,235225.57428107795,0.7150706889616323,11.776421679847596,175,Opel,86.85714285714286
78574.12438118811,175010.2989572818,0.6468111167594341,11.953995595028113,101,MG,87.12871287128714
80972.67603786496,119581.24775165787,0.948927986962231,12.24933226376047,137,Peugeot,88.32116788321169
31061.9671875,39580.511589595735,0.9599286520362604,12.29893160722227,20,Mazda,90.0
72682.65670657468,137032.54232389102,0.9176828227109969,12.47993219321148,308,Hyundai,86.36363636363636
131919.8533135776,463331.0341195181,0.2999396519893056,12.6256867837226,116,Chery,84.48275862068965
221010.89228219696,435002.338163306,0.8912930730986758,12.923486611270334,66,Jeep,86.36363636363636
95317.74305555556,137355.5587012431,0.8677970132600383,13.275747238668536,18,BAIC,94.44444444444444
92885.34050925926,173636.3219796339,0.9467155569248035,13.35824723958876,135,Skoda,80.74074074074075
349575.802402507,797773.5599304433,0.8271574518195026,13.494714814820624,359,Mercedes,89.97214484679665
78127.63020833333,104072.12445700288,0.6912223177771901,13.735679345231025,24,Subaru,87.5
26075.262102971312,35781.949536973145,0.6436109507336036,14.172300967671974,122,Daewoo,93.44262295081968
19757.804822198275,26575.534040613402,0.9549653543880977,15.301666037784042,29,Lada,96.55172413793103
166171.97468171295,427107.3626215086,0.7645417303493136,15.883881420196122,108,Volkswagen,86.11111111111111
63713.014322916664,89073.74051028969,0.9363224702851862,16.343202354237935,60,Geely,86.66666666666667
159336.95432692306,290417.7275035677,0.8272643073475405,17.06933980080416,52,BYD,75.0
70728.79309895834,530074.639454457,0.29583679634095805,18.360387564246185,165,Fiat,90.30303030303031
67392.5259765625,122756.02483049451,0.8193503742537054,18.429629126235923,40,Ford,77.5
50680.7822265625,62340.52325288207,0.5200138679319071,18.969117891153537,16,Brilliance,75.0
100369.48645413306,423195.7853927671,0.7125194754717517,19.212607863897755,248,Chevrolet,86.29032258064517
935449.2159090909,1929521.2457183565,0.5953584609710469,19.396218642798246,44,Land Rover,86.36363636363636
86578.00455729167,119827.58559384866,0.9158548720352769,19.46470961611634,24,Changan,87.5
109639.36354166667,188066.13652115202,0.786809945201414,19.814823249985295,15,SsangYong,80.0
111789.84455128205,163973.27532071716,0.9499754932795688,22.60845229246707,39,Honda,87.17948717948718
131135.76045866936,212429.35404656763,0.818572066767542,23.237514459045634,62,Seat,82.25806451612904
1037018.7708333334,1493013.022411024,0.7579777569529742,30.76387407656866,24,Porsche,70.83333333333334
