source,row_index,reason,make,model,year,engine_cc,horsepower,body_type,drivetrain,seating_capacity,brand_origin,car_segment,brand_market_share,transmission,fuel
car_specs_lookup_full_cleaned,21,"Saipa is a car manufacturer, not a Kia model.",Kia,Saipa,2009,800,44,Hatchback,FWD,4,korean,city,0.0577,,
car_specs_lookup_full_cleaned,27,No known Renault Rainbow exists globally or in Egyptian market.,Renault,Rainbow,1999,1600,100,Sedan,FWD,5,european,family,0.0417,,
car_specs_lookup_full_cleaned,295,Rio is a Kia model. Likely wrong make assignment.,Daihatsu,Rio,2014,1000,56,Hatchback,FWD,5,japanese,city,0.0085,,
car_specs_lookup_full_cleaned,326,Rio is a Kia model. Likely wrong make assignment.,Daihatsu,Rio,2000,1000,56,Hatchback,FWD,5,japanese,city,0.0085,,
car_specs_lookup_full_cleaned,411,X3 is a BMW model. No Hyundai X3 exists.,Hyundai,X3,2015,1600,120,Sedan,FWD,5,korean,family,0.0768,,
car_specs_lookup_full_cleaned,536,Rio is a Kia model. Likely wrong make assignment.,Daihatsu,Rio,2010,1000,56,Hatchback,FWD,5,japanese,city,0.0085,,
car_specs_lookup_full_cleaned,592,No known Skoda Fantasia. Possibly meant Skoda Fabia.,Skoda,Fantasia,2011,1300,55,Hatchback,FWD,5,european,city,0.0311,,
car_specs_lookup_full_cleaned,610,A1 is not a Hyundai model label.,Hyundai,A1,2010,1000,57,Hatchback,FWD,5,korean,city,0.0768,,
car_specs_lookup_full_cleaned,630,S4 is an Audi model label; Mercedes S4 rows are likely misparsed/mislabeled.,Mercedes,S4,2023,0,329,Sedan,AWD,5,european,luxury,0.0745,,
car_specs_lookup_full_cleaned,727,A1 is not a Hyundai model label.,Hyundai,A1,2017,1000,57,Hatchback,FWD,5,korean,city,0.0768,,
car_specs_lookup_full_cleaned,904,300 is a Chrysler model. No Chevrolet 300 target.,Chevrolet,300,2025,3000,292,Sedan,RWD,5,american,executive,0.0414,,
car_specs_lookup_full_cleaned,998,300 is a Chrysler model. No Chevrolet 300 target.,Chevrolet,300,2016,3000,292,Sedan,RWD,5,american,executive,0.0414,,
car_specs_lookup_full_cleaned,1031,300 is a Chrysler model. No Chevrolet 300 target.,Chevrolet,300,2015,3000,292,Sedan,RWD,5,american,executive,0.0414,,
car_specs_lookup_full_cleaned,1091,Rio is a Kia model. Likely wrong make assignment.,Suzuki,Rio,2011,1200,83,Hatchback,FWD,5,japanese,city,0.0264,,
car_specs_lookup_full_cleaned,1116,300 is a Chrysler model. No Chevrolet 300 target.,Chevrolet,300,2013,3000,292,Sedan,RWD,5,american,executive,0.0414,,
car_specs_lookup_full_cleaned,1130,"Maruti is a brand (Maruti Suzuki India), not a model.",Suzuki,Maruti,1997,1200,83,Hatchback,FWD,5,japanese,city,0.0264,,
car_specs_lookup_full_cleaned,1176,Rio is a Kia model. Likely wrong make assignment.,Daihatsu,Rio,1999,1000,56,Hatchback,FWD,5,japanese,city,0.0085,,
car_specs_lookup_full_cleaned,1291,300 is a Chrysler model. No Chevrolet 300 target.,Chevrolet,300,2014,3000,292,Sedan,RWD,5,american,executive,0.0414,,
car_specs_lookup_full_cleaned,1324,Rio is a Kia model. Likely wrong make assignment.,Suzuki,Rio,2010,1200,83,Hatchback,FWD,5,japanese,city,0.0264,,
car_specs_lookup_full_cleaned,1437,Rio is a Kia model. Likely wrong make assignment.,Daihatsu,Rio,2007,1000,56,Hatchback,FWD,5,japanese,city,0.0085,,
car_specs_lookup_full_cleaned,1532,Rio is a Kia model. Likely wrong make assignment.,Daihatsu,Rio,2008,1000,56,Hatchback,FWD,5,japanese,city,0.0085,,
car_specs_lookup_full_cleaned,1628,X3 is a BMW model. No Hyundai X3 exists.,Hyundai,X3,2014,1600,120,Sedan,FWD,5,korean,family,0.0768,,
car_specs_lookup_full_cleaned,1729,A1 is not a Mercedes model label.,Mercedes,A1,2019,1400,136,Hatchback,FWD,5,european,executive,0.0745,,
car_specs_lookup_full_cleaned,1865,A1 is not a Mercedes model label.,Mercedes,A1,2016,1400,136,Hatchback,FWD,5,european,executive,0.0745,,
car_specs_lookup_full_cleaned,1979,300 is a Chrysler model. No Chevrolet 300 target.,Chevrolet,300,2018,3000,292,Sedan,RWD,5,american,executive,0.0414,,
car_specs_lookup_full_cleaned,2078,A1 is not a Mercedes model label.,Mercedes,A1,2018,1400,136,Hatchback,FWD,5,european,executive,0.0745,,
car_specs_lookup_full_cleaned,2128,S4 is an Audi model label; Mercedes S4 rows are likely misparsed/mislabeled.,Mercedes,S4,2022,0,329,Sedan,AWD,5,european,luxury,0.0745,,
car_specs_lookup_full_cleaned,2229,A1 is not a Hyundai model label.,Hyundai,A1,2015,1000,57,Hatchback,FWD,5,korean,city,0.0768,,
car_specs_lookup_full_cleaned,2246,X3 is a BMW model. No Hyundai X3 exists.,Hyundai,X3,2016,1600,120,Sedan,FWD,5,korean,family,0.0768,,
car_specs_lookup_full_cleaned,2303,S4 is an Audi model label; Mercedes S4 rows are likely misparsed/mislabeled.,Mercedes,S4,2019,0,329,Sedan,AWD,5,european,luxury,0.0745,,
car_specs_lookup_full_cleaned,2355,No known Skoda Fantasia. Possibly meant Skoda Fabia.,Skoda,Fantasia,2009,1300,55,Hatchback,FWD,5,european,city,0.0311,,
car_specs_lookup_full_cleaned,2471,No known Skoda Fantasia. Possibly meant Skoda Fabia.,Skoda,Fantasia,2006,1300,55,Hatchback,FWD,5,european,city,0.0311,,
car_specs_lookup_full_cleaned,2572,Rio is a Kia model. Likely wrong make assignment.,Daihatsu,Rio,2012,1000,56,Hatchback,FWD,5,japanese,city,0.0085,,
car_specs_lookup_full_cleaned,2582,Rio is a Kia model. Likely wrong make assignment.,Daihatsu,Rio,1998,1000,56,Hatchback,FWD,5,japanese,city,0.0085,,
car_specs_lookup_full_cleaned,2592,300 is a Chrysler model. No Chevrolet 300 target.,Chevrolet,300,2012,3000,292,Sedan,RWD,5,american,executive,0.0414,,
car_specs_lookup_full_cleaned,2621,A1 is not a Hyundai model label.,Hyundai,A1,2008,1000,57,Hatchback,FWD,5,korean,city,0.0768,,
car_specs_lookup_full_cleaned,2651,"Maruti is a brand (Maruti Suzuki India), not a model.",Suzuki,Maruti,2008,1200,83,Hatchback,FWD,5,japanese,city,0.0264,,
car_specs_lookup_full_cleaned,2740,"Saipa is a car manufacturer, not a Kia model.",Kia,Saipa,2014,800,44,Hatchback,FWD,4,korean,city,0.0577,,
car_specs_lookup_full_cleaned,2809,No known Renault Rainbow exists globally or in Egyptian market.,Renault,Rainbow,1997,1600,100,Sedan,FWD,5,european,family,0.0417,,
car_specs_lookup_full_cleaned,2810,No known Renault Rainbow exists globally or in Egyptian market.,Renault,Rainbow,2000,1600,100,Sedan,FWD,5,european,family,0.0417,,
car_specs_lookup_full_cleaned,2823,"Maruti is a brand (Maruti Suzuki India), not a model.",Suzuki,Maruti,2010,1200,83,Hatchback,FWD,5,japanese,city,0.0264,,
car_specs_lookup_full_cleaned,2826,"Maruti is a brand (Maruti Suzuki India), not a model.",Suzuki,Maruti,2013,1200,83,Hatchback,FWD,5,japanese,city,0.0264,,
car_specs_lookup_full_cleaned,2840,A1 is not a Hyundai model label.,Hyundai,A1,2009,1000,57,Hatchback,FWD,5,korean,city,0.0768,,
car_specs_lookup_full_cleaned,2854,No known Renault Rainbow exists globally or in Egyptian market.,Renault,Rainbow,1994,1600,100,Sedan,FWD,5,european,family,0.0417,,
car_specs_lookup_full_cleaned,2855,"Maruti is a brand (Maruti Suzuki India), not a model.",Suzuki,Maruti,2000,1200,83,Hatchback,FWD,5,japanese,city,0.0264,,
car_specs_lookup_full_cleaned,3004,No known Skoda Fantasia. Possibly meant Skoda Fabia.,Skoda,Fantasia,2012,1300,55,Hatchback,FWD,5,european,city,0.0311,,
car_specs_lookup_full_cleaned,3054,No known Skoda Fantasia. Possibly meant Skoda Fabia.,Skoda,Fantasia,2010,1300,55,Hatchback,FWD,5,european,city,0.0311,,
car_specs_lookup_full_cleaned,3326,No known Skoda Fantasia. Possibly meant Skoda Fabia.,Skoda,Fantasia,2013,1300,55,Hatchback,FWD,5,european,city,0.0311,,
car_specs_lookup_full_cleaned,3379,"Maruti is a brand (Maruti Suzuki India), not a model.",Suzuki,Maruti,2009,1200,83,Hatchback,FWD,5,japanese,city,0.0264,,
car_specs_lookup_full_cleaned,3573,"Maruti is a brand (Maruti Suzuki India), not a model.",Suzuki,Maruti,2007,1200,83,Hatchback,FWD,5,japanese,city,0.0264,,
car_specs_lookup_full_cleaned,3615,"Maruti is a brand (Maruti Suzuki India), not a model.",Suzuki,Maruti,1994,1200,83,Hatchback,FWD,5,japanese,city,0.0264,,
car_specs_lookup_full_cleaned,3757,"Maruti is a brand (Maruti Suzuki India), not a model.",Suzuki,Maruti,2014,1200,83,Hatchback,FWD,5,japanese,city,0.0264,,
car_specs_lookup_full_cleaned,3795,"Maruti is a brand (Maruti Suzuki India), not a model.",Suzuki,Maruti,2011,1200,83,Hatchback,FWD,5,japanese,city,0.0264,,
car_specs_lookup_full_cleaned,3899,No known Renault Rainbow exists globally or in Egyptian market.,Renault,Rainbow,2020,1600,100,Sedan,FWD,5,european,family,0.0417,,
car_specs_lookup_full_cleaned,3912,"Maruti is a brand (Maruti Suzuki India), not a model.",Suzuki,Maruti,1999,1200,83,Hatchback,FWD,5,japanese,city,0.0264,,
car_specs_lookup_full_cleaned,3941,"Saipa is a car manufacturer, not a Kia model.",Kia,Saipa,2006,800,44,Hatchback,FWD,4,korean,city,0.0577,,
car_specs_lookup_full_cleaned,3982,"Maruti is a brand (Maruti Suzuki India), not a model.",Suzuki,Maruti,1993,1200,83,Hatchback,FWD,5,japanese,city,0.0264,,
AI_lookup,636,S4 is an Audi model label; Mercedes S4 rows are likely misparsed/mislabeled.,Mercedes,S4,2023,0,329,Sedan,AWD,5,european,luxury,,Automatic,electric
AI_lookup,2335,S4 is an Audi model label; Mercedes S4 rows are likely misparsed/mislabeled.,Mercedes,S4,2022,0,329,Sedan,AWD,5,european,luxury,,Automatic,electric
AI_lookup,2526,S4 is an Audi model label; Mercedes S4 rows are likely misparsed/mislabeled.,Mercedes,S4,2019,0,329,Sedan,AWD,5,european,luxury,,Automatic,electric
