make,model,MAPE_pct
Audi,A5,1386.3102538332564
Peugeot,305,73.20155618040629
Daewoo,Espero,64.49102676850433
Chevrolet,Camaro,59.94616548661275
Mercedes,B150,58.148946403709225
Tesla,Cybertruck,52.64710332256599
Land Rover,Range Rover,46.113625488746216
Mercedes,S580,44.86198422909755
Dodge,Ram,43.788613192533546
Land Rover,Range Rover Vogue,39.58930610950341
Daewoo,Racer,39.558117352144464
Fiat,Regata,38.01935198306002
BMW,118,37.200368868228125
Toyota,Corona,35.87191142784356
Peugeot,308,34.02333420954796
Lada,2105,32.88519390837934
Mitsubishi,Colt,32.58707960233569
Dodge,Charger,31.639555800878593
Ford,Mondeo,31.264372785243015
Tesla,Model Y,30.704949079887108
Mercedes,E240,30.375692844298776
Avatr,12,29.81744425766405
Citroën,Zx,29.43993977967842
Volkswagen,Golf 4,29.071324671354542
Chery,QQ,29.05900567886724
Toyota,Prado,28.65189581665878
Chery,Tiggo 8 Pro Max,28.60211752148715
BMW,M4,28.01433652529168
Chery,A11,27.81763487983453
Jaguar,E-Pace,27.520707945902533
Kia,Sephia,27.40857454960291
Kia,Cerato Koup,27.220360225659302
Geely,Emgrand,27.11081201855138
Land Rover,Discovery,27.10855797219034
Mercedes,200,26.938128056888637
Chevrolet,Pickup,26.783485700218794
Fiat,Dogan,26.488288530736632
Hyundai,Excel,26.44651129138881
Mitsubishi,Lancer,26.397495661788412
Suzuki,Grand Vitara,26.352422408409865
BMW,M3,25.986180366578495
Mercedes,180,25.946160287008052
Fiat,Uno,25.230273728297032
Mercedes,EQA260,25.1319156581854
Zotye,Xplosion,25.112199553296733
Audi,A6,24.764166973797966
Fiat,128,24.612915021770544
Peugeot,504,24.60024545309339
Citroën,Xsara,24.29998167302436
Brilliance,Galena,24.003748603445942
Audi,Q7,23.756800084922144
Fiat,Shahin,23.61866010768372
Proton,Waja,23.242156510954477
Kia,Soul,23.052686960220317
Mercedes,EQS450,22.94954829394948
BMW,I7,22.916792045828682
Daewoo,Matiz,22.483007497807066
Jeep,Cherokee,22.479587950813148
Toyota,Land Cruiser,22.24528154881585
Volkswagen,Beetle,22.046318634407573
Mercedes,A200,21.561795576712413
Ford,Kuga,21.529824172703364
Subaru,Legacy,21.495810218453304
Mercedes,500,21.49056069988125
Mitsubishi,Pajero,21.473623033776594
Ford,Fusion,21.41523001883093
Honda,CRV,20.972746708240074
Fiat,132,20.891167633207477
Mercedes,G63,20.81780009899357
Ford,Escort,20.804941569907896
Volvo,XC90,20.66835449070031
Fiat,Grand Punto,20.61709807766256
BMW,523,20.583187762570756
Lada,2017,20.527511705206162
Mercedes,GLK300,20.462859957849567
Hyundai,Sonata,20.270316102260796
Hyundai,Accent,20.205869830563934
BMW,740,20.152063343699393
Citroën,C4,19.99454101812148
Mercedes,CLS,19.801263764028675
BYD,Song L,19.55685444379683
Renault,Symbol,19.405600666339424
Changan,Eado,19.33443543459612
Hyundai,Santa Fe,19.217931888453524
Mercedes,E300,19.155519519097624
Peugeot,408,19.052505179211366
Mini,Countryman,18.787951192723636
Mercedes,B200,18.693434855076816
Chery,A5,18.41815644375933
Mercedes,Vito,18.294575778144644
Fiat,127,18.234251771502176
Mercedes,S500,18.138080377376
Porsche,Taycan,17.979016643665442
Peugeot,207,17.91641574265453
Mazda,323,17.85986173852104
Changan,Benni,17.75020182409045
Proton,Wira,17.605529976967897
Mini,Countryman S,17.592055019662155
Peugeot,307,17.537425712759823
Lada,Niva,17.36468303239622
Citroën,Ax,17.29271603157696
BMW,X3,17.23014033225089
Lada,2107,16.418597839217245
Mercedes,GLS,16.191487151502407
Hyundai,Coupe,16.18393726442835
Volkswagen,Suran,16.17979909137622
Peugeot,406,16.132110377257266
Land Rover,Range Rover Velar,16.10885081671139
Speranza,Envy,16.091216547130642
Honda,Civic,16.08977891197724
Skoda,Octavia,16.081397942536785
Hyundai,Elantra CN7,16.00127244127165
Kia,Sorento,15.753023913786276
Mini,Cooper,15.697731953247398
Brilliance,FSV,15.656487257445345
Toyota,Corolla,15.648540301957459
Geely,Coolray,15.575025654684618
Xiaomi,SU7,15.548974825144713
Fiat,Punto,15.526987173318515
Volkswagen,Golf,15.47496915221841
Skoda,Favorit,15.417287562070515
Skoda,Felicia,15.240029687508027
Citroën,C3,15.182938411052993
Subaru,Impreza,15.16198329999782
BMW,X7,15.07648895720775
Geely,Pandino,14.987572091496942
Opel,Vectra,14.817373483744788
Fiat,Tempra,14.729341555452915
Peugeot,405,14.659147429177736
Haval,H6,14.633920084592559
Cupra,Terramar,14.492419508774871
Audi,Q8,14.334452651973878
BMW,528,14.144383084977697
Volkswagen,T-Roc,14.0484940581062
Kia,Pride,14.03985050584623
Daewoo,Juliet,13.986455912303722
Geely,Emgrand 7,13.820997389251202
Nissan,X-Trail,13.649672386970604
Speranza,Tiggo,13.57792919891515
Cadillac,Escalade,13.535999297273149
Mercedes,Viano,13.488184656625297
Daewoo,Lanos,13.443255603289122
Renault,Kardian,13.441926430664653
Mazda,3,13.294051461734899
Volkswagen,Passat,13.222116386518795
Proton,Saga,13.13704215813172
Volkswagen,Golf 6,13.135363382196443
BYD,L3,13.077110787286674
Suzuki,Swift,13.06475560059799
Chery,Tiggo 8 Pro,13.064192952580122
BMW,X6,13.028711291029818
BMW,530,12.878697842441266
Isuzu,D-Max,12.87555555350577
Skoda,Octavia A5,12.857262016502569
Toyota,Hilux,12.7731162275032
Renault,Megane,12.738410096507675
JAC,S3,12.723331914338894
Mercedes,GLE450,12.667045688626697
Audi,A3,12.648619672887444
Chery,Envy,12.626352380750768
Peugeot,2008,12.617786685646681
Nissan,Tiida,12.592776814705807
Hyundai,Creta,12.532232878909952
Land Rover,Range Rover Sport,12.467372896652176
Mitsubishi,Mirage,12.4659768279431
Volkswagen,Pointer,12.458700487966679
Audi,Q2,12.453051122517723
Daihatsu,Sirion,12.4352534971679
Suzuki,Van,12.381487549885854
Peugeot,508,12.092788514578814
Seat,Ibiza,12.031619205876762
Chevrolet,N300,12.012702307370352
Skoda,Superb,11.9723094899407
Nissan,Patrol,11.964566598241063
Mercedes,C300,11.871326463661337
Skoda,Octavia A8,11.759461987442894
Fiat,Siena,11.730416254249715
Mercedes,E230,11.660364036475631
BMW,X2,11.63994628845989
Jetour,Dashing,11.603722405000878
Skoda,Octavia A4,11.547995670672393
Chery,Tiggo 7,11.508221368869592
DFSK,EAGLE 580,11.484465486593297
Mercedes,S450,11.450152097601556
Suzuki,Alto,11.380529033414517
Ford,Fiesta,11.280498008578926
SsangYong,Torres,11.134784958711966
Skoda,Kodiaq,11.12652247410957
Land Rover,Range Rover Evoque,11.092653482904662
Nissan,Qashqai,11.04344381286096
Volkswagen,Golf 7,11.031848910486335
Kia,K3,11.019637523925363
Chevrolet,Spark,11.001268501530676
BMW,X1,10.93093176945338
Renault,Kadjar,10.925688372181593
Daewoo,Nubira,10.892980370882373
Alfa Romeo,Tonale,10.862420065412328
Chery,Tiggo 8,10.83979163761121
Citroën,C5,10.81090427342185
GAC,Emzoom,10.78774924651502
Citroën,C4X,10.762311723197676
Changan,Alsvin,10.716536102365355
Jaguar,F-Type,10.616863236019302
Opel,Corsa,10.46990937310853
Fiat,131,10.449838691771667
Peugeot,206,10.434582893385025
Volvo,XC40,10.365373295903305
Mercedes,E180,10.346086365718765
Daewoo,Lacetti,10.343073430638476
BMW,IX3,10.329076091172173
Fiat,Petra,10.318089647600644
Honda,City,10.2961736852377
Proton,Persona,10.267634177798243
Chevrolet,Aveo,10.230387916543334
Mercedes,C180,10.222625892168876
BYD,F3,10.197459306900639
Daewoo,Nubira 2,10.194480177792396
Kia,Forte,10.132758991715983
Hyundai,Elantra,10.128146127856926
Renault,Sandero,10.109446924564667
Kia,Rio,10.081831911235366
BMW,318i,10.04198655572389
Chery,Tiggo 4 Pro,10.023453268375345
Speranza,A213,10.020389985693066
BMW,520i,9.945958555529629
Hyundai,Elantra HD,9.912341568877876
Daewoo,Lanos 2,9.86415785018209
BMW,X5 M,9.848736835946264
GAC,Empow,9.8288356105625
Subaru,XV,9.77877988257307
Kia,Spectra,9.761123372884711
Mercedes,C200,9.70638494709212
BMW,X5,9.68493570687865
Seat,Toledo,9.598028696499574
Ford,EcoSport,9.488007543157222
Peugeot,301,9.406136401719898
Renault,Logan,9.387308166466616
Volvo,S60,9.295760550883685
Volvo,XC60,9.291194145844054
Speranza,A113,9.265442232819831
Renault,Duster,9.256043818085452
Hyundai,Matrix,9.225198205335024
Hyundai,Elantra AD,9.156082469136017
Citroën,C Elysee,9.12978652579364
Lada,Granta,9.093644874665975
Peugeot,3008,9.08234599250615
Kia,Sportage,9.066299996208746
Opel,Insignia,9.061755374872051
Chevrolet,Cruze,9.03918566613299
Chevrolet,Equinox,9.03661399435024
Opel,Astra,9.035521327530043
Hyundai,Verna,9.001009109042611
Jeep,Renegade,8.99094080442766
BMW,218i,8.987436162870257
Kia,Grand Cerato,8.925821027994406
Nissan,Sunny,8.919028895757661
Jeep,Grand Cherokee,8.895271237225492
BMW,116,8.833044186512419
Fiat,Tipo,8.822182312067673
Saipa,Pride,8.818142569011657
Chevrolet,Lanos,8.754957479042474
Speranza,M11,8.750973667155192
Volkswagen,Polo,8.735440531250724
BAIC,X7,8.678895010452925
Xiaomi,Yu7,8.62499343972952
Mercedes,CLE200,8.622130732367149
Mercedes,B180,8.618465988797839
Land Rover,Defender,8.572053462695903
BMW,420,8.56764757052531
Renault,Sandero Stepway,8.563538048213752
Porsche,Cayenne,8.549562287298539
Hyundai,Accent RB,8.504832655687908
Skoda,Octavia A7,8.480015569442253
MG,HS,8.460482015562445
Senova,A1,8.453028368548699
JAC,J7,8.444253323687983
Chery,Tiggo,8.437145782633422
BMW,316,8.379867847030308
Honda,Accord,8.340527612625392
Kia,Carens,8.338396062871423
Mercedes,GLC200,8.315217115021722
Mitsubishi,Eclipse Cross,8.300929119361479
Volkswagen,Jetta,8.258198184888528
BAIC,X55,8.180500554662764
BMW,320i,8.096218271540108
MG,RX5,8.088009281112782
Jaguar,F-Pace,8.023979705164667
Chevrolet,Optra,7.991487565979777
Opel,Meriva,7.949235227962963
Hyundai,Solaris,7.910712261416018
Hyundai,I10,7.906697508370174
Toyota,Avensis,7.862179322087637
Skoda,Fabia,7.8402569239881394
Jeep,Wrangler,7.7756077426251595
Daihatsu,Terios,7.733470062865694
Seat,Ateca,7.72344765579722
Opel,Mokka,7.715059913958346
SsangYong,Tivoli XLV,7.6912110033570205
Chevrolet,Captiva,7.686371390454684
Kia,Xceed,7.663289322215464
Toyota,Yaris,7.630406959410388
Hyundai,Accent HCI,7.590573526213576
Jetour,X70S,7.513532599737739
Kia,Cerato,7.4698125549966115
Mercedes,GLC300,7.267747600205815
Kia,Carnival,7.258009712002954
Mercedes,300,7.228031192969572
Opel,Crossland,7.2072058646553385
Mitsubishi,Eclipse,7.192613065059837
Ford,Focus,7.187072594031909
Citroën,C5 Aircross,7.042991722082947
Mercedes,CLA200,7.037773410153347
Renault,Fluence,7.0310786751073895
Hyundai,Tucson,7.003530892363556
Mitsubishi,Lancer EX Shark,6.8981718672291965
Hyundai,Getz,6.882259541746389
Mercedes,CLA180,6.849829703841724
Suzuki,Ciaz,6.794423421146487
Volkswagen,Tiguan,6.784656074834372
Mercedes,E200,6.739187494830171
Jetour,T1,6.618338843569978
Cupra,Leon,6.544177816062997
Chery,Tiggo 4,6.4919573051332256
BMW,X6 M,6.450711465629158
Renault,Taliant,6.445446859062333
Chery,Tiggo 7 Pro,6.393929197905875
Toyota,Rush,6.385054562383302
Kia,Picanto,6.362646496393336
MG,5,6.359155572179813
Chrysler,Town & Country,6.308623958131316
BAIC,U5 Plus,6.281758577078338
Renault,Austral,6.256811722777443
MG,ZS,6.221868044104707
Hyundai,Avante,6.2052674548563935
Hyundai,I30,6.157004471579066
Peugeot,307 SW,6.110391753056313
Renault,Clio,6.079758782913229
Changan,CS55,6.077844726555318
Peugeot,5008,5.893944530198868
Speranza,A516,5.829621817775407
Mitsubishi,Lancer Puma,5.784246660848172
Volkswagen,Bora,5.76372646742847
Suzuki,Baleno,5.723178908689642
Daewoo,Nubira 1,5.712661052674941
Mercedes,C250,5.651054913235924
BMW,X4,5.637464309172568
Suzuki,Celerio,5.630901633410914
Mercedes,CLE300,5.590510762366195
Geely,Emgrand X7,5.58491345038503
Opel,Grandland,5.49325007281135
Jeep,Liberty,5.464858098560434
MG,7,5.40005355267498
Rox,01,5.388831891274045
Citroën,Grand C4 Spacetourer,5.283585961187316
Porsche,Boxster,5.260786884101702
Nissan,Sentra,5.235253795236024
Kia,Ceed,5.224981533064753
Chery,Arrizo 5,5.187019434053226
Citroën,C3 Aircross,5.148722026577048
Suzuki,Swift Dzire,5.110680615721871
Speranza,A620,5.108688052941569
GMC,Hummer EV,5.069735467930668
Zeekr,001,5.035844487415191
Proton,Gen-2,4.946121761629355
Hyundai,Elantra MD,4.9299979598053945
Haval,Jolion,4.866311260116968
Chevrolet,Malibu,4.852270167976534
Seat,Tarraco,4.788293418903325
Jetour,X95,4.776094569138325
Volkswagen,Tayron,4.626887377194498
Jetour,X70,4.462410728286334
MG,6,4.417779587677664
Mercedes,A180,4.374670728688138
Mitsubishi,Xpander,4.343286077923483
Toyota,Fortuner,4.254728791904888
Jetour,T2,4.232547738903287
Seat,Leon,4.227521636493187
Brilliance,V5,4.180462593994976
Chery,Tiggo 3,4.141573988806492
Renault,Captur,4.112178003068796
Fiat,500X,3.9928923647670223
Kia,Pegas,3.9571774027901525
Mercedes,GLA200,3.9096288877373078
Mercedes,GLC,3.839126060093194
Daewoo,Leganza,3.7947499501245185
Toyota,C-HR,3.7886340585685
Hyundai,Veloster,3.7097160358246977
Changan,Benni Mini,3.616997146679621
Nissan,Juke,3.5145525578229324
MG,GT,3.40185626587033
Mercedes,E350,3.294687933347798
Jetour,X70 Plus,3.2589616960238295
Hyundai,Grand i10,3.213910419043521
SsangYong,Tivoli,3.197111155936828
JAC,S2,3.047928455473963
Saipa,Tiba,2.9989952378081424
Volkswagen,ID4,2.9960861125586935
Kia,Shuma,2.956613486804059
Hyundai,Atos,2.932533983620952
DS,DS7,2.9044213800341905
Mercedes,GLC43,2.834651860660551
Chery,Arrizo 6,2.826790603586957
Porsche,Cayenne S,2.804296930054114
Kia,Seltos,2.793114388297798
Porsche,Macan,2.7521340663987375
Mitsubishi,Lancer Crystala,2.5701079160643308
Cupra,Formentor,2.4333606069259552
Jetour,X90,2.413933656282145
Audi,Q3,2.4055895705270682
Geely,GX3 Pro,2.398385504007613
Mitsubishi,Attrage,2.3528805381181916
BMW,330,1.886122696076185
Mercedes,V250,1.8182503848243408
Hyundai,IX35,1.7665765531449173
BAIC,BJ30,1.7361524125521963
Fiat,Palio,1.7329222498394519
BMW,I3,1.4350587841480478
BAIC,X35,1.2773211917443512
Kaiyi,X3 Pro,1.270661475008477
MG,One,1.0553300454323793
Audi,A4,0.8721081463308953
BYD,Song Plus,0.2906138138558199
