make,model,n_test,MAPE_pct
Fiat,132,7,670.6717278243824
Daihatsu,Charade,7,303.3920316007429
Fiat,Petra,12,287.13810346212955
Volkswagen,Pointer,10,274.8422622836215
Volkswagen,Parati,8,229.6539293219082
Changan,Benni,8,213.5260532926524
Daewoo,Nubira 1,11,198.03566913294253
Mercedes,190,5,196.3548042467525
Speranza,A516,69,176.04979134786637
Fiat,Punto,43,170.11813488615854
Suzuki,Alto,36,167.37932705978022
Alfa Romeo,156,5,165.25480675544864
Seat,Cordoba,8,147.72622502697365
Speranza,M12,5,144.88455415067216
Peugeot,406,20,136.9614202313601
Changan,Benni Mini,15,136.8311203089871
Geely,Pandino,30,132.00679737802483
Mitsubishi,Mirage,6,127.04496834505
Geely,Emgrand 7,59,120.74366901448457
Renault,Symbol,5,119.91547364640715
Mercedes,G63,21,92.12368600469729
Senova,A1,9,88.93364265663908
Land Rover,Defender,5,88.08380671452699
Mercedes,GLC43,19,87.66611431749108
Mercedes,S450,17,87.3354201200443
Mercedes,GLC,9,84.93848659036361
Mercedes,GLE450,20,84.27953818083115
Porsche,Boxster,14,83.79614187694317
Suzuki,Vitara,6,82.75827506199677
BMW,X6 M,13,82.40234000604991
BMW,M3,6,79.09625249086685
BMW,420,9,78.46238914383208
BMW,X5,47,76.73135996802539
Chevrolet,Camaro,6,74.38967625987401
Mercedes,S500,20,72.588760829028
BMW,520i,81,71.09759337130072
Volkswagen,Tayron,10,70.97422492644094
BYD,Leopard 5,5,70.79642777355868
Chevrolet,Aveo,143,69.24175645671697
Zeekr,001,9,67.69859927267326
Geely,Emgrand X7,18,67.16551240650269
Jeep,Cherokee,54,66.75685219464386
Subaru,Impreza,19,65.92996094065076
Volkswagen,Bora,8,64.91778718543546
Volvo,XC90,8,64.06373815899612
Mercedes,GLA200,37,63.65137925339053
Audi,Q4 E-Tron,5,60.28098370787001
Kia,Rio,81,56.700458565430324
Volkswagen,T-Roc,7,56.51983282720037
Skoda,Octavia,103,56.19298546815872
Cupra,Leon,27,55.489614358906614
Chery,Tiggo 8 Pro Max,8,55.34130501699088
Skoda,Superb,46,54.79716269535493
BMW,320i,108,53.76653887728595
Daihatsu,Grand Terios,6,50.73489120249245
BMW,740,17,48.6863505767064
Chevrolet,Malibu,9,48.31347447750194
Hyundai,Sonata,17,47.09768072225168
Citroën,C4,24,44.330818836171495
BMW,218i,18,44.25771440153114
Chery,Tiggo 7 Pro Max,6,42.00931933533709
Mitsubishi,Xpander,17,41.7025917499095
Chery,Tiggo 8 Pro,6,39.71567071213497
Changan,Alsvin,6,36.09196715579674
Jetour,X70 Plus,9,35.92210019280222
Haval,H6,8,34.42822612139148
MG,GT,11,33.90246948511904
Hyundai,Elantra CN7,25,32.33438052858052
Chery,Tiggo 7 Pro,7,30.205430962839703
Toyota,Rush,5,29.27717299130138
Citroën,C Elysee,25,28.9452313479818
Fiat,500X,12,27.19126963224762
BMW,116,11,26.15485021762832
Hyundai,IX35,23,25.14609558848708
MG,RX5,49,24.779793848972943
Fiat,Tipo,91,24.437186895875282
JAC,S3,6,22.826105705327105
Mercedes,E240,6,22.612164550958372
Jeep,Renegade,40,21.529868281197015
Volkswagen,Golf 6,18,19.135331954733495
Chevrolet,Captiva,21,18.78996607543261
BAIC,U5 Plus,19,18.267925594661346
Nissan,Qashqai,114,16.47418754006607
Chery,Tiggo 4 Pro,19,14.738128168688808
SsangYong,Tivoli XLV,16,13.147776758698033
Hyundai,Elantra HD,33,12.808454987860168
Hyundai,Accent RB,44,11.864839972214085
Geely,GX3 Pro,8,10.916219204582752
Renault,Taliant,14,8.495067646991203
