make,model,n_test,supported,MAPE_pct,MAE,mean_price
Audi,A5,24,True,301.51487300916,378164.4355199335,2872708.3333333335
Volvo,XC90,8,True,74.99299547228024,951508.7016053083,2943750.0
Lada,2017,13,True,72.0420837186259,78938.95680182456,118384.61538461539
Daewoo,Espero,7,True,61.0395414424289,326618.76031473273,401428.5714285714
Mercedes,B150,5,True,59.83551477803012,293899.7430700518,489800.0
Daewoo,Racer,6,True,54.40349618730944,36792.948176068305,118333.33333333333
Peugeot,305,5,True,50.92481695782808,34777.51177402716,77000.0
Dodge,Charger,6,True,49.359415726396875,2182190.7600651197,4596666.666666667
Changan,Benni,8,True,48.2841726850949,92712.07131580912,190625.0
Mercedes,500,5,True,48.071024909563235,2108315.5414368557,4626000.0
Land Rover,Range Rover,19,True,47.323410292429266,2125638.6453873827,4591578.947368421
Mercedes,S580,5,True,47.188300713136506,4556258.31169251,9580000.0
Mercedes,S400,5,True,42.05828367745723,1734048.767401297,3770000.0
Peugeot,504,9,True,40.06563470926772,44146.694853618246,118888.88888888889
Citroën,Zx,5,True,38.858574332922466,43319.97630004042,120600.0
Tesla,Cybertruck,7,True,38.821690742452034,3403843.83623959,7511428.571428572
Mini,Countryman S,5,True,36.63376492967576,1989038.6559325396,2804000.0
Audi,Q7,16,True,35.88324462114257,862855.6264615766,3443750.0
Mercedes,GT43,5,True,35.486163301274274,3452920.352985858,8480000.0
Zotye,Xplosion,7,True,35.39366687920255,79876.0270184443,237142.85714285713
Fiat,132,10,True,33.96539703218458,27385.77355946219,78500.0
Chevrolet,Pickup,17,True,33.5081468712846,232626.8554134022,655588.2352941176
Skoda,Favorit,7,True,33.0658192728154,30167.788557049447,102428.57142857143
Citroën,Ax,7,True,32.853571797285895,28329.245981534685,95000.0
Volkswagen,Parati,10,True,32.284043454660285,65376.27968655946,207500.0
GMC,Sierra,7,True,30.564117956242754,1127733.7481449246,4078571.4285714286
Mazda,323,16,True,30.155165460016995,20619.158447300437,92625.0
Renault,Symbol,6,True,30.051828667414714,65760.35266731396,253333.33333333334
Kia,Pride,45,True,30.029756701861487,40935.97237136592,167755.55555555556
Volkswagen,Beetle,7,True,29.739007282124653,134356.5650990411,465000.0
Fiat,128,41,True,28.318173253239614,14979.774916554194,57353.65853658537
Mercedes,190,6,True,28.155353298928592,192701.68762841556,364351.8333333333
Land Rover,Defender,7,True,27.825932501566232,2140436.84579284,7364285.714285715
Chery,Tiggo 8 Pro Max,9,True,27.78209752292906,458374.0192765318,1647777.7777777778
Chery,A5,5,True,26.600402599477057,764333.2586325577,1107000.0
Mitsubishi,Colt,6,True,26.2109998530182,82335.09246913351,270000.0
Chrysler,Town & Country,9,True,26.200261653806212,191486.32021595372,865555.5555555555
BMW,IX3,5,True,25.991360577024725,577349.5178852546,2336000.0
Citroën,Xsara,8,True,25.916764452992584,51758.69615057594,221250.0
Dodge,Ram,5,True,25.831012436791944,1925096.23280028,5940000.0
Avatr,12,20,True,25.7978683255805,593029.5583209128,2917200.0
Volvo,S60,7,True,25.615781517005846,222810.12209223837,900000.0
Toyota,Land Cruiser,33,True,25.246179182968543,1255240.5122718979,6739090.2727272725
Fiat,Dogan,8,True,24.961444129630568,31246.140322762592,125625.0
Fiat,Regata,18,True,24.821656942993403,18454.14520365164,76694.44444444444
Mercedes,GLE,7,True,24.77721951694197,2353453.3468473586,7500000.0
BMW,I7,10,True,24.598381175839116,1506334.2359582093,5705500.0
Volkswagen,Pointer,12,True,24.448114467374374,37328.79267911873,180833.33333333334
Chevrolet,Camaro,6,True,24.331707731936454,665314.0256812975,2820000.0
Fiat,500,8,True,24.037356811235423,160977.7966350721,636250.0
Mercedes,Vito,6,True,23.819221424395284,1354068.2825318037,6350000.0
Ford,Fiesta,18,True,23.811100540678375,50728.46245325197,386944.44444444444
Daihatsu,Grand Terios,6,True,23.724871031704463,125865.91372852509,650000.0
Brilliance,Galena,15,True,23.49090645508912,67650.22730653844,290703.6666666667
Ford,Mondeo,7,True,23.471857250285876,39536.40560499972,197142.85714285713
Peugeot,308,13,True,23.159299494348026,161947.22453613678,674230.7692307692
Proton,Waja,5,True,22.90559993855697,57192.19128134197,276000.0
Peugeot,405,58,True,22.796154383488894,41848.30716750896,178413.7931034483
Fiat,Uno,32,True,22.694424858121632,42832.78198426402,134468.75
BMW,M3,9,True,22.57809849160585,1285609.655154347,6938888.888888889
Fiat,127,13,True,21.55323255478551,10694.296406146928,53307.692307692305
Mercedes,200,43,True,21.47922490711342,316328.3237399779,1522558.1395348837
Mercedes,CLE200,12,True,21.247969787938338,697747.5051511897,4164166.6666666665
Subaru,Impreza,22,True,21.202047278666758,71787.24424944178,504318.1818181818
BMW,740,19,True,20.64580979003753,671927.3627146668,2867368.3684210526
Toyota,Prado,12,True,20.476492934574043,670069.222245456,3920833.3333333335
Proton,Preve,5,True,20.434472616358587,115386.42744509799,562000.0
Fiat,Shahin,80,True,20.412000994950787,25248.614119565078,130752.775
Lada,2105,16,True,20.331323123273773,61052.16567435837,128812.5
Chery,Tiggo,11,True,20.133470675002034,107305.21832612314,579454.5454545454
Mitsubishi,Mirage,9,True,19.94482303631645,50022.28116661352,271111.1111111111
Lada,2110,7,True,19.882890491970798,28619.839352500676,140000.0
Mercedes,GLS,17,True,19.80458365661227,1574646.065569161,7917058.823529412
Lada,2107,37,True,19.710397214649277,24384.358291352477,126864.86486486487
Honda,Civic,55,True,19.561542470552702,80299.86165059856,578545.4545454546
Hyundai,Veloster,7,True,19.440681269101713,109966.0816406548,579285.7142857143
Cadillac,Escalade,30,True,19.260659078778303,2039161.2149089419,12039533.333333334
Mercedes,G63,22,True,19.079618741415132,2078874.4842846142,13000000.0
Chery,A11,14,True,19.05498893927323,30232.103176290704,163642.85714285713
Mercedes,B180,6,True,19.007213630541116,221782.8992361709,1300000.0
Volkswagen,Golf 4,8,True,18.704633240001748,76610.05525977831,421875.0
Mercedes,EQA260,8,True,18.596633521972855,395663.34196301945,2256250.0
Ford,Fusion,10,True,18.473545722284797,166499.20576841471,902000.0
Mercedes,GLK300,7,True,18.382663798338843,187633.99089421466,1075714.2857142857
Daihatsu,Charade,6,True,18.333886328974558,32754.68917222568,205000.0
Honda,City,22,True,18.32395504995513,60284.1385936958,492727.2727272727
BYD,Leopard 5,5,True,18.299117899269,462945.3213584636,2918000.0
Toyota,Hilux,12,True,18.221672413127088,377288.73182517505,2833333.3333333335
Citroën,C4 Grand Picasso,12,True,18.114617859643932,97263.3947160092,645250.0
Mercedes,EQS450,8,True,18.07623612095931,747162.6783517764,4468750.0
BMW,525,13,True,18.03106949076465,57641.77341715451,541538.4615384615
Peugeot,406,22,True,17.872698294147902,47567.26984318018,277727.2727272727
Alfa Romeo,Tonale,6,True,17.866802287074517,368447.9999046821,2096666.6666666667
Fiat,131,19,True,17.832768746354855,13400.619352655858,78736.84210526316
Land Rover,Discovery,5,True,17.617192894036375,434573.43017440307,2478000.0
Tesla,Model Y,6,True,17.476236221519173,448014.95097650593,2758333.3333333335
GMC,Hummer EV,15,True,17.459073095055498,1324247.7832389844,5944666.666666667
Suzuki,Grand Vitara,9,True,17.37631469191718,143072.9898577582,491111.1111111111
Suzuki,Celerio,8,True,17.33870100836203,90327.96953798522,407500.0
Audi,A4,19,True,17.284948679651784,115114.82990398623,1269736.8421052631
SsangYong,Tivoli XLV,19,True,17.24613911866294,106282.95733097443,808421.052631579
Volkswagen,Tiguan,81,True,17.181492877628024,135791.27333304146,1949370.3703703703
Volkswagen,Golf 7,7,True,17.175277616266367,195377.30895804593,1076428.5714285714
Mitsubishi,Lancer Crystala,15,True,17.145263764099607,42499.397597429124,261333.33333333334
Hyundai,Excel,8,True,17.119984401595012,22757.308781833923,138987.5
Daihatsu,Sirion,7,True,17.097519854005615,75484.7628631619,393571.4285714286
Speranza,M11,9,True,17.0654673313949,41042.944344983785,245000.0
Changan,Benni Mini,13,True,16.831065480888075,63519.798020235314,301538.46153846156
Chery,A15,6,True,16.770839449118625,27448.156729058985,188333.33333333334
Land Rover,Range Rover Vogue,29,True,16.716785867839782,1354903.0426081202,11491379.310344828
Suzuki,Van,37,True,16.35428764074926,43209.79738921409,294027.02702702704
Fiat,Tempra,18,True,16.273649095790695,19524.100423977263,130388.88888888889
Opel,Meriva,5,True,16.20747287637681,75124.07460157157,486000.0
Chevrolet,Malibu,11,True,16.20740573229453,99932.01792679173,994545.4545454546
Mercedes,S500,20,True,16.207285185261526,752298.8311799071,5029250.0
Daewoo,Matiz,10,True,16.071865460653342,20577.784957919845,140000.0
Seat,Toledo,11,True,16.05452500525559,61140.42422584554,628636.3636363636
Toyota,Corona,6,True,16.003312047815086,38505.78388187677,486666.6666666667
Fiat,Grand Punto,16,True,15.959017551757176,66814.33831912426,423062.5
Mercedes,CLS,5,True,15.913368141918971,449666.6034667422,3058000.0
Porsche,Cayenne S,21,True,15.704103546135562,1108165.8458443906,7701904.761904762
Fiat,Punto,40,True,15.703735169541488,40953.01724182588,289749.975
Mercedes,180,22,True,15.669122436480942,168604.0363264571,1507954.5
Mercedes,GLA,5,True,15.648069177097307,1099964.7622809033,3830000.0
Honda,CRV,10,True,15.516174148801904,237948.42417237387,1894500.0
Fiat,Siena,50,True,15.437308205642038,22661.41835918825,151920.0
Audi,A6,8,True,15.385460631825243,430894.1055739679,3149999.875
BMW,528,7,True,15.36426015631151,223243.99350451728,1355714.2857142857
Mercedes,B200,10,True,15.112418784978981,204088.08666972184,1295800.0
Jeep,Cherokee,53,True,15.089768567327402,144338.74723995329,806962.2641509434
Mercedes,300,5,True,15.041338931703322,548308.6406737262,3026999.6
Peugeot,207,8,True,14.968455320354163,56332.12508773778,390000.0
Mercedes,GLC,11,True,14.961266346282365,727909.9106583642,4761363.636363637
Hyundai,Accent,123,True,14.939732953146972,43789.42647783705,390813.0081300813
Suzuki,Vitara,5,True,14.918542102486501,128342.34144665938,659000.0
Suzuki,Swift Dzire,29,True,14.707670234195142,56310.57404840887,590689.6551724138
Skoda,Felicia,62,True,14.686206824957562,18964.114151393682,140032.25806451612
Kia,Sorento,45,True,14.657689209110178,281366.98231265566,2173333.3333333335
Speranza,A213,9,True,14.568202631011806,25414.30885838967,190888.88888888888
Seat,Ibiza,84,True,14.559909011218144,74846.99098105045,654857.1428571428
Mercedes,S450,19,True,14.453526186872947,1065663.1336324234,6983157.894736842
Hyundai,Sonata,18,True,14.398424375656399,111802.7436462334,883055.5555555555
BMW,523,17,True,14.355996978444452,84895.96971748157,624117.6470588235
Chery,QQ,5,True,14.351219874848988,18430.42540296308,131000.0
Mercedes,A200,37,True,14.335108773586686,446819.49429793406,2301891.891891892
Peugeot,307,34,True,14.205590445733183,55561.53217016255,375147.0588235294
Volkswagen,Golf,37,True,14.15570330872787,109817.5395023268,732648.6486486486
Seat,Cordoba,5,True,14.133128472558587,28761.01002557692,221000.0
BMW,X7,9,True,14.033808797628316,816764.3851513717,5877222.222222222
Opel,Vectra,96,True,13.979345393713446,36768.9694587841,288031.25
Mitsubishi,Lancer,95,True,13.970710000701178,55292.56344668756,464136.8210526316
Kia,Spectra,7,True,13.9617772474389,39349.47385410295,289285.71428571426
BMW,M4,7,True,13.954851910291252,1001798.7667620042,7985714.285714285
Kia,Sephia,35,True,13.909190430789106,27895.856500065598,216371.42857142858
Volkswagen,Golf 6,17,True,13.819905029322168,170224.3103685538,977058.8235294118
Speranza,A516,68,True,13.814308056243613,34470.57937726379,238382.35294117648
Mercedes,E230,7,True,13.813931968314638,102097.5512934484,850714.2857142857
Brilliance,FSV,15,True,13.688248904958202,44994.06976193998,320666.6666666667
Peugeot,2008,57,True,13.639726668289102,126517.63166441093,978771.754385965
Daewoo,Leganza,15,True,13.637405477189102,29503.46238260101,223533.33333333334
Proton,Wira,5,True,13.50006465907648,24625.744090315166,181000.0
Hyundai,Tucson,160,True,13.426616900146973,134969.22058048454,1574721.875
Hyundai,Solaris,8,True,13.3997046275315,74788.72269889463,609375.0
Mini,Countryman,13,True,13.286689054905956,200281.68506996572,1543461.5384615385
Citroën,C3,16,True,13.201184946309303,63193.570951035086,505000.0
Porsche,Taycan,8,True,13.197078799450088,716964.9926697252,5231250.0
Ford,Escort,14,True,13.19303099199122,17680.04763020727,139285.7142857143
Mercedes,E240,8,True,13.190344297750855,122474.02619251644,836250.0
Hyundai,Creta,15,True,13.176745835930037,147788.490385135,999336.6666666666
Kia,Soul,30,True,13.048456217720176,81483.06679676808,747833.3333333334
Mercedes,C250,11,True,13.015178897349092,152612.48996830656,1228636.3636363635
Changan,CS35,8,True,12.996842681165893,90892.01902088191,673750.0
BMW,530,8,True,12.928581826685765,256915.182958432,2133750.0
Jaguar,F-Type,5,True,12.907219997846505,366995.91396331013,3550000.0
Renault,Austral,7,True,12.834246252801156,209669.81300269024,1597857.142857143
Land Rover,Range Rover Evoque,47,True,12.735697530027576,285125.46838443785,3355531.914893617
Hyundai,Elantra,166,True,12.643311430609156,97775.86359235588,819361.4457831326
Daewoo,Lanos,131,True,12.587896410094244,28693.05070546689,248786.25954198473
Renault,Kadjar,49,True,12.55539856406499,94011.76461993152,841530.612244898
Jaguar,E-Pace,5,True,12.54910387481664,374542.71500512445,2990000.0
Citroën,C4,25,True,12.476069581177331,70092.21395405228,611600.0
Geely,Emgrand,10,True,12.452666097408208,68015.8652173355,602400.0
Porsche,Cayenne,22,True,12.452287704212036,916093.3727117843,7287727.2727272725
Kia,Cerato Koup,13,True,12.418342441878877,82352.58427751104,669846.1538461539
Hyundai,Avante,42,True,12.417931697603114,100094.05574712656,813666.6666666666
Geely,Emgrand 7,67,True,12.361342433504689,45571.25490325173,336716.41791044775
Fiat,Petra,7,True,12.348810282920605,23548.21713545635,175714.2857142857
Renault,Clio,48,True,12.28567409423717,23328.14430283917,210145.83333333334
JAC,J7,9,True,12.221017512851752,96873.88009507739,822444.4444444445
Xiaomi,Yu7,22,True,12.026205384931997,377404.57474031043,3384772.727272727
Renault,Megane,171,True,12.007961232076255,58911.336883305,564666.6666666666
Mitsubishi,Pajero,37,True,11.9880253742669,141547.51752758026,1329594.5945945946
Xiaomi,SU7,7,True,11.976096802856539,323620.67355119635,2680000.0
Speranza,Tiggo,22,True,11.955146829877457,48003.09003028614,407681.8181818182
Volkswagen,Passat,98,True,11.845314241344836,99669.7752197199,990714.275510204
BMW,316,46,True,11.824714202194686,81245.22171752928,781673.9130434783
Chevrolet,Corvette,5,True,11.7923815762179,677533.6219534229,4710000.0
Proton,Saga,19,True,11.774946870555441,47016.17965616651,437894.7368421053
GAC,Empow,5,True,11.754088164299088,143014.12169937295,1262000.0
Hyundai,Atos,15,True,11.69701993072608,26707.956662315733,229533.33333333334
Daewoo,Nubira,120,True,11.65835297676053,26431.91425928446,248450.0
Hyundai,Coupe,7,True,11.657252537093644,44398.03197763428,385714.28571428574
Kia,Carnival,17,True,11.650116230537245,475863.0829005186,3307941.1764705884
Opel,Mokka,22,True,11.604196988917066,121137.02998619851,1019545.4545454546
Nissan,X-Trail,15,True,11.60391136428407,116008.76219853104,977666.6666666666
Nissan,Patrol,13,True,11.56598834288338,941638.7846931677,7973076.923076923
Mini,Cooper,47,True,11.52130821226326,162328.81879405642,1297872.3404255318
Jeep,Liberty,22,True,11.503210182592895,64015.88642855323,548499.9545454546
GMC,Terrain,7,True,11.497983245203445,200596.86251316525,1785714.2857142857
Subaru,Legacy,6,True,11.484721253890921,69210.14901742928,585000.0
Ford,Kuga,13,True,11.482027508118518,139675.08327914134,924230.7692307692
Volkswagen,Polo,40,True,11.470572692388373,30491.928123570593,287875.0
Suzuki,Swift,32,True,11.470345256054392,27947.904946413517,370312.5
BYD,L3,18,True,11.430703427249247,38333.21940967764,417500.0
Land Rover,Range Rover Sport,56,True,11.39787575140182,644533.6745735848,5652678.571428572
Mercedes,CLE300,6,True,11.378657991219837,550243.0860771657,4733333.333333333
BYD,Song L,11,True,11.355207642585512,231930.07799942858,2035000.0
Opel,Corsa,93,True,11.282536984078488,38599.31671524925,404763.44086021505
Mercedes,C200,112,True,11.27224937544809,279198.6829280705,2775446.4285714286
Maserati,Grecale,5,True,11.23778410025534,690326.9843046276,5690000.0
Toyota,C-HR,7,True,11.234575507498112,109548.12020726765,1013571.4285714285
Cupra,Terramar,23,True,11.19511993251659,161217.79986861107,2242608.695652174
Citroën,C4X,8,True,11.181240437156394,122507.39155648221,1241500.0
Chery,Tiggo 7 Pro,7,True,11.177426956138893,134179.74045350522,1157142.857142857
Daihatsu,Terios,46,True,11.166205396683807,47394.27750630795,472780.2173913043
Mercedes,E250,9,True,11.158750708705915,231443.46801644177,1917777.7777777778
Daewoo,Juliet,15,True,11.142224441321721,27175.520430453576,257000.0
Mercedes,GLE450,23,True,11.114682035705368,612461.503246229,5604347.826086956
Hyundai,Getz,29,True,11.114625598849303,57028.02432779313,440000.0
DS,DS7,11,True,11.089428914313958,203962.06704219934,1947272.7272727273
BMW,X3,65,True,11.074245416807335,203335.68445439872,1852769.2307692308
Volkswagen,Tayron,12,True,11.008245332948341,314698.02447056887,2864166.6666666665
Skoda,Superb,46,True,10.906770775498604,172239.21270522312,1918239.108695652
BMW,X6,24,True,10.898973336155356,445153.2349426181,4747083.333333333
Haval,H6,8,True,10.879638682511104,138150.93081629946,1283750.0
BMW,118,11,True,10.854368307391816,158933.0008018392,1265000.0
Mazda,3,36,True,10.852394239714167,66409.06626669434,622083.2777777778
Daewoo,Lanos 2,39,True,10.784745645089396,26840.811821280022,261794.87179487178
Mercedes,CLA180,25,True,10.769958105209685,167879.6173309993,1505400.0
Ford,EcoSport,9,True,10.713733560159628,73636.54045137524,691111.1111111111
Skoda,Octavia A5,17,True,10.683399509005724,56250.46799164762,518235.29411764705
Mercedes,E200,183,True,10.674723017153568,266090.3265139775,3561633.879781421
BMW,X1,54,True,10.67023106684253,187102.9454351949,1797222.2222222222
Changan,Eado,11,True,10.66129443630711,63595.09397407356,821818.1818181818
Hyundai,Verna,146,True,10.647333940049858,36227.90140226051,364376.7123287671
Citroën,C5,25,True,10.566973479949574,102241.19613734387,1127800.0
Kia,Pegas,7,True,10.528795892738273,63457.22133119385,618428.5714285715
Toyota,Corolla,241,True,10.489406176483469,85416.3431497245,945282.1991701245
Proton,Gen-2,18,True,10.39971817064339,31255.614981617353,356111.1111111111
Audi,Q2,11,True,10.354502238386441,206176.17022049765,1845000.0
Lada,Niva,7,True,10.342837483888566,9442.060555632494,89285.71428571429
Mitsubishi,Lancer Puma,45,True,10.312856531142769,44747.72082399076,458888.8888888889
Skoda,Octavia A8,9,True,10.28925663868062,175430.53770016198,1622777.7777777778
Kia,K3,47,True,10.277379954304045,100284.72446059644,1039361.7021276596
Senova,A1,9,True,10.258936722745593,37536.78614598872,358888.8888888889
Kaiyi,X3 Pro,9,True,10.250286442608619,96670.4746381491,954444.4444444445
Peugeot,508,71,True,10.220517941105971,107012.06585736011,1015704.2253521127
Chevrolet,N300,17,True,10.209361484200377,41488.24062672496,429705.8823529412
Geely,Emgrand X7,25,True,10.203738189946376,35805.8564315081,481200.0
Audi,Q8,9,True,10.191336989154323,887341.8109550466,6383333.333333333
Fiat,Palio,5,True,10.154401587976567,19565.204828369362,194000.0
Skoda,Octavia A4,53,True,10.135819125661435,37977.078790073065,361584.90566037735
BMW,I3,5,True,10.128745557375314,230553.7966538625,2397000.0
Kia,Shuma,17,True,10.107989861800707,26689.141225966843,253117.64705882352
Brilliance,FRV,13,True,10.0760388197441,27719.84179327809,303846.1538461539
BMW,520i,85,True,10.012750416918893,245184.50947717254,2569058.8235294116
GAC,Emzoom,5,True,10.007545029901818,129145.86332265698,1270800.0
Chevrolet,Lanos,163,True,9.983718725305495,28231.24799412225,307907.9754601227
Kia,Forte,11,True,9.973973179787638,72476.98293848775,688181.8181818182
Saipa,Tiba,12,True,9.963258994126857,19909.674042866736,223750.0
Proton,Persona,9,True,9.84463378077435,33862.95704739515,376666.6666666667
Speranza,A113,69,True,9.840062870927863,20643.417592185062,217391.30434782608
Peugeot,308 SW,7,True,9.824559682636444,46411.45305425417,447142.85714285716
Suzuki,Alto,37,True,9.823280468487017,25188.21534924624,266243.24324324325
Renault,Fluence,43,True,9.821125973753837,51825.62156820053,516279.0930232558
Haval,Jolion,8,True,9.807874702334635,107256.9233396087,1042500.0
Hyundai,Matrix,76,True,9.75906964081143,42934.28878872929,442631.5789473684
BMW,330,6,True,9.744343378277943,147116.33167173128,2158333.3333333335
Kia,Grand Cerato,14,True,9.68714181337391,98244.40736780188,962142.6428571428
Kia,Sportage,201,True,9.67380624483251,139916.68848806305,1657885.0746268656
BMW,218i,20,True,9.670737636978192,151129.82905042003,1476000.0
Renault,Logan,238,True,9.659171176047249,32509.152803169058,393163.8613445378
Renault,Sandero Stepway,64,True,9.657168471189268,47723.1265606899,530468.75
Subaru,XV,22,True,9.639531843601661,87891.79768013886,926136.3636363636
BAIC,X55,7,True,9.638569570468626,119173.42817573459,1249285.7142857143
Citroën,Grand C4 Spacetourer,6,True,9.627456069705465,72609.82449909161,788333.3333333334
Porsche,Boxster,17,True,9.621662127156224,376248.7185819134,5651764.705882353
Speranza,A620,16,True,9.587119213348295,23054.946600595056,246875.0
Rox,01,19,True,9.576572999685782,284544.5032383133,3579473.6842105263
Seat,Ateca,6,True,9.54863590451313,146103.4570319448,1427500.0
Daewoo,Nubira 2,71,True,9.5464227143963,25032.539539265137,260352.11267605633
Isuzu,D-Max,8,True,9.516161392391565,130363.0034760727,1248500.0
Mercedes,C300,13,True,9.514633177073325,185340.71410992992,2154615.3846153845
BMW,X2,10,True,9.466472093754888,225512.3534530867,2185000.0
Geely,Coolray,11,True,9.408297778351784,107836.58933637968,1075272.7272727273
Kia,Rio,99,True,9.394668355225225,46148.02721750466,495888.8888888889
Chevrolet,Cruze,77,True,9.369565870119793,42005.189779499,449870.12987012987
BMW,320i,114,True,9.346654050564732,136255.97233152334,1747587.7192982456
Hyundai,Santa Fe,11,True,9.34517508464566,287030.99967485596,2613181.8181818184
Chevrolet,Spark,40,True,9.301257651949125,26165.86559707417,267750.0
Volkswagen,Suran,6,True,9.294202969704502,29610.054084137617,320000.0
Hyundai,I10,39,True,9.292979880447334,38433.92037115797,416666.6666666667
Skoda,Octavia,99,True,9.279075555871499,67245.64183592476,847515.1515151515
BMW,318i,74,True,9.274486016828728,84358.53751330769,971081.0810810811
Kia,Seltos,5,True,9.250638368708435,133288.017432685,1449000.0
Volkswagen,Jetta,43,True,9.2147782518601,54982.212565412505,630000.0
Speranza,Envy,7,True,9.211168195540912,28360.598090757307,318571.4285714286
SsangYong,Torres,6,True,9.207575341864962,160200.71752036866,1679166.6666666667
Mercedes,E300,39,True,9.207116921140713,305805.2724857746,3749487.1794871795
Peugeot,206,20,True,9.199467324891808,22185.267869924173,240500.0
Geely,Pandino,28,True,9.167713676144668,25667.470447530945,284964.28571428574
Volvo,XC40,5,True,9.152616982601534,163242.08527257908,1918000.0
Opel,Astra,214,True,9.147488175872724,44680.957679660954,544088.785046729
BMW,420,10,True,9.146248686151011,360309.8732174216,3940000.0
Jeep,Grand Cherokee,85,True,9.081598072568454,352585.3537368646,2719294.117647059
Lada,Granta,62,True,9.038939028985475,31095.663456600298,344677.4193548387
Hyundai,Grand i10,12,True,8.927253568399117,45250.72920724083,543250.0
Kia,Cerato,152,True,8.92544979648857,139406.35845159405,836122.7894736842
Volvo,XC60,11,True,8.925050488052161,195906.9948607548,2434545.4545454546
Mercedes,C180,281,True,8.923769759721178,166470.56119943786,2215476.868327402
Mercedes,Viano,22,True,8.891765954600185,595189.7661723099,5977272.7272727275
BYD,Song Plus,8,True,8.858788820985653,157519.5573653022,1853000.0
Jeep,Renegade,44,True,8.828548766045301,90028.88526670443,992840.9090909091
Ford,Focus,69,True,8.804226866203749,52172.09460840395,603768.1159420289
Hyundai,Elantra HD,43,True,8.78140775635876,59658.79263426709,692209.3023255814
Chery,Envy,29,True,8.757314715252532,28262.520185125373,325251.724137931
Chevrolet,Aveo,164,True,8.743619459724675,30360.141166640402,378481.7073170732
Mitsubishi,Eclipse Cross,15,True,8.737371679019947,107135.0220200753,1291933.3333333333
Chevrolet,Equinox,6,True,8.734805463180173,81739.43906549452,941666.6666666666
Audi,Q3,30,True,8.732917405736673,187855.4414151591,2200833.3333333335
Peugeot,408,17,True,8.721268616062442,123985.1301022073,1843235.294117647
Chevrolet,Optra,254,True,8.716747380158223,35881.55112499332,479972.437007874
Mitsubishi,Attrage,17,True,8.704244922627131,61670.212659872326,521764.70588235295
Daewoo,Lacetti,18,True,8.690572409508771,33921.850680217816,386388.8888888889
BAIC,X7,6,True,8.665409982434213,111042.13947521923,1303316.6666666667
BMW,116,12,True,8.65256759825056,45774.56337750612,599583.3333333334
Peugeot,5008,50,True,8.621231901336444,110986.03858008131,1393679.8
Nissan,Sunny,267,True,8.615337760238994,54637.52905992632,547546.4531835206
Mercedes,CLA200,65,True,8.600191096569834,240138.46653014753,2723615.3846153845
Mercedes,GLC200,29,True,8.597363824140974,353495.089612233,4236724.137931035
Saipa,Pride,7,True,8.502324898034384,14922.837325444814,175000.0
Citroën,C Elysee,30,True,8.497117494853882,45714.48977030181,562166.6666666666
Hyundai,Elantra CN7,33,True,8.490466147523753,104199.54069583002,1163939.3636363635
Kia,Picanto,82,True,8.486043906586922,41024.49461841711,476138.2073170732
Opel,Grandland,33,True,8.485382410813191,387915.79270817107,1732878.7878787878
Seat,Tarraco,18,True,8.478647909355772,143827.95143769414,1772043.1666666667
Mercedes,V250,7,True,8.455447709932304,575083.3697554711,5948571.428571428
Daewoo,Nubira 1,17,True,8.430009395382232,17269.587082557115,200588.23529411765
Audi,A3,35,True,8.429757362590433,115330.00636413401,1596685.7142857143
Mercedes,GLA200,39,True,8.418538969427667,216784.69444753407,2456282.0512820515
Volkswagen,Bora,10,True,8.415698892443338,32802.90572214977,367500.0
Hyundai,Elantra AD,35,True,8.402033257585394,81038.3401426171,942571.4285714285
Jeep,Wrangler,42,True,8.399701053317747,95635.99876410454,1223809.5238095238
Chevrolet,Captiva,26,True,8.393642041766242,64817.50228564316,821730.7692307692
Renault,Duster,101,True,8.392701008240923,58637.983417949465,776059.3861386139
Mitsubishi,Lancer EX Shark,57,True,8.376902973106793,169629.23540131192,799508.7719298246
Toyota,Avensis,5,True,8.37322850233009,30218.409807350814,365000.0
BMW,X5 M,13,True,8.345921353341785,376570.0399004905,4788461.538461538
Land Rover,Range Rover Velar,41,True,8.337860412537507,296292.3115167576,4474975.609756097
BMW,X5,47,True,8.305959259123867,344341.7491131871,3975638.2978723403
Changan,CS55,10,True,8.284919298867004,97691.09206533428,1180500.0
Renault,Sandero,41,True,8.271908173095843,32979.95343809194,405365.85365853657
Peugeot,3008,87,True,8.261281776013444,104900.9093133034,1397804.4827586208
Toyota,Fortuner,48,True,8.253731280170296,234123.23802004603,3080520.8333333335
Volkswagen,ID4,10,True,8.220542539611406,124171.51434681666,1669500.0
Suzuki,Baleno,11,True,8.184604010735077,57565.081128770806,801363.6363636364
Audi,Q4 E-Tron,6,True,8.18117510323346,165461.06596131515,2100000.0
Kia,Carens,59,True,8.154645889063945,72698.4769920797,804559.3220338983
Toyota,Rush,7,True,8.143667497556562,84717.07265238787,1052857.142857143
Jetour,X70S,14,True,8.138387478785868,91651.78731124484,1139285.7142857143
Skoda,Kodiaq,90,True,8.079622679709225,155803.57333377108,2258161.111111111
Chery,Tiggo 8,17,True,8.044966372048071,80245.51634602396,1105000.0
BYD,F3,116,True,7.8618251156748045,30389.843001354417,432620.6896551724
Mitsubishi,Xpander,16,True,7.810711351098232,92317.95098355628,1228437.5
Changan,Alsvin,8,True,7.754581471596002,36503.725639279255,495625.0
Peugeot,301,62,True,7.744400306789221,43913.28607674913,540000.0
Chery,Tiggo 4,10,True,7.739727037127246,72293.99832229316,963000.0
SsangYong,Tivoli,11,True,7.690606699271864,68256.37124745309,813181.8181818182
Mercedes,E350,9,True,7.681900811603589,225785.842763596,2980555.5555555555
Kia,Ceed,13,True,7.588552058250528,57155.14871892449,776153.8461538461
Nissan,Tiida,12,True,7.557822314100379,36328.35211407558,455833.3333333333
DFSK,EAGLE 580,9,True,7.543748181418623,55828.18049985697,739444.4444444445
Toyota,Yaris,69,True,7.5356735422526935,36586.79870976547,489347.82608695654
Nissan,Qashqai,140,True,7.508088637908844,60916.154447680565,889957.1428571428
MG,HS,59,True,7.489562129051603,88878.18647228043,1242383.0508474577
Zeekr,001,11,True,7.433884624896686,207551.5840660924,2648181.8181818184
Nissan,Juke,36,True,7.4035747403147445,62226.36285934146,878750.0
Fiat,Tipo,103,True,7.402493120183365,54794.75588532791,736669.9029126214
Zeekr,7X,5,True,7.401012199817663,187406.6276650792,2615999.8
Opel,Crossland,22,True,7.370097795350232,56687.09787506461,774545.4545454546
Fiat,500X,14,True,7.340479393753589,66939.27849266227,976071.4285714285
BMW,X6 M,9,True,7.288958197121495,295436.19608969585,4997222.222222222
Seat,Leon,34,True,7.257404595781199,85076.60690487342,1191058.8235294118
MG,RX5,56,True,7.249792527012577,71578.60243590087,1046767.8571428572
BAIC,X35,7,True,7.214639239202479,62510.745538330906,852857.1428571428
Hyundai,IX35,29,True,7.134471412274141,66229.19167593314,922241.3448275862
Opel,Insignia,56,True,7.054736785473795,64261.90760666745,899285.7142857143
Hyundai,Accent RB,57,True,6.995179212842862,46826.33241750429,689561.4035087719
Renault,Kardian,7,True,6.976303688796991,63067.17251311095,917142.8571428572
MG,GT,9,True,6.956745753000009,90897.24473283505,1265000.0
Honda,Accord,9,True,6.949844454476291,114280.20500614046,1670000.0
Chery,Tiggo 3,74,True,6.796672651216255,43072.48338025939,653378.3783783783
Citroën,C3 Aircross,12,True,6.768094464891607,59965.48753330352,807916.6666666666
Chery,Tiggo 8 Pro,7,True,6.747886816851734,89659.01460211934,1343571.4285714286
Mercedes,E180,36,True,6.739510376431779,171475.70291675653,2570833.3333333335
Jetour,T1,11,True,6.587301788535783,114750.52854672479,1737518.1818181819
Hyundai,Elantra MD,20,True,6.574265918251597,44910.765736275054,687500.0
MG,5,126,True,6.546650043280825,54024.64362067961,835896.8174603175
Skoda,Octavia A7,19,True,6.526756017835315,58054.22607901105,915526.3157894737
Porsche,Macan,41,True,6.522387095262494,295191.82703962823,4697073.1707317075
Suzuki,Ciaz,21,True,6.439017671292009,46737.88428564325,707619.0476190476
BAIC,U5 Plus,22,True,6.377195005820781,57721.58537340113,900222.7272727273
Brilliance,V5,10,True,6.3387570425953115,36255.50915794358,548000.0
Skoda,Fabia,13,True,6.263306594339389,25342.46841812878,375384.6153846154
Peugeot,307 SW,15,True,6.214620353191298,23838.375651471975,401000.0
Hyundai,I30,13,True,6.188539175068149,62251.29185064563,862307.6923076923
Chery,Tiggo 7,66,True,6.175229156565662,44806.764194896365,893636.3636363636
BMW,X4,18,True,6.173398210717485,173938.83686817024,3225833.3333333335
JAC,S2,12,True,6.122687115653638,39866.64362996285,632500.0
Volkswagen,T-Roc,7,True,6.045971633622626,90190.53580119101,1666428.5714285714
Renault,Taliant,14,True,6.037663208599678,47174.446143818146,795000.0
Mercedes,GLC300,62,True,6.022442106021476,262507.06556728884,5058774.193548387
Hyundai,Accent HCI,9,True,5.967633423105908,45829.73912109199,780555.5555555555
Chery,Arrizo 5,116,True,5.935328562629487,35140.75340614744,618422.4137931034
Cupra,Leon,22,True,5.929430001300937,106134.5595985803,1872909.0909090908
JAC,S3,6,True,5.848444153829177,28130.850118574996,567500.0
Jetour,X70,11,True,5.789625350125809,57792.051424653415,988636.3636363636
Mercedes,GLC43,20,True,5.592040379914894,347340.5596243121,6966000.0
Jaguar,F-Pace,13,True,5.5243902684162265,187002.20884983786,3919230.769230769
MG,6,33,True,5.451438411321542,48761.437556534045,905121.2121212122
Jetour,Dashing,11,True,5.435305973252007,78145.41358790845,1404090.9090909092
Kia,Xceed,28,True,5.3027328686590565,62688.56562998351,1273750.0
Citroën,C5 Aircross,18,True,5.220267987078837,64367.49505712977,1329725.0
Mitsubishi,Eclipse,10,True,5.154473211200665,65203.4530314759,1365900.0
Chery,Tiggo 4 Pro,20,True,5.11881559659191,48758.310310925866,961750.0
Renault,Captur,13,True,5.081464212375474,29916.078268634017,566538.4615384615
MG,One,17,True,4.8939174923291535,54076.05645748273,1394411.7647058824
Nissan,Sentra,98,True,4.883427569270521,34392.648321944835,740714.2857142857
Jetour,T2,35,True,4.878567105167582,80748.37609068397,1900571.4285714286
MG,ZS,65,True,4.852925024699244,48775.277383211105,998276.9230769231
Chery,Arrizo 6,15,True,4.712859552914873,48439.683318656935,1023601.3333333334
MG,7,11,True,4.591990020890469,75781.55836890978,1649090.9090909092
Kaiyi,X7,5,True,4.43471601268033,58595.40928438329,1383000.0
Mercedes,A180,6,True,4.27232971411372,80323.92885673554,1875833.3333333333
Cupra,Formentor,24,True,4.019038297776071,76632.41770965786,2086833.7083333333
Jetour,X70 Plus,9,True,3.6802311714670735,47514.42705981555,1288541.6666666667
Soueast,S05,9,True,3.2944371562764307,34303.883464368446,1066111.111111111
BAIC,BJ30,14,True,3.183247347459924,53440.03785485936,1673921.4285714286
Jetour,X95,10,True,2.8294953050645533,35990.40319261139,1253000.0
Geely,GX3 Pro,12,True,2.6284054060193394,21283.620151911822,802500.0
Jetour,X90,9,True,2.2285913998380744,33563.89143526052,1509444.4444444445
