make,n,MAE,RMSE,R2,MAPE_pct,Within_10pct,Within_15pct,mean_price
GMC,7,1425017.5830598234,1759073.9708104222,0.7222900703368009,23.811338291616867,28.57142857142857,28.57142857142857,6185000.0
Cadillac,7,3373291.8948999043,3814958.7663799794,-0.4407046719053589,21.674560092541075,14.285714285714285,28.57142857142857,15085714.285714285
Volkswagen,88,112471.25960078958,292410.8564637174,0.8991014428038432,21.64481526600886,62.5,78.4090909090909,1121352.2727272727
Mazda,14,31594.39163860543,58023.95846695963,0.9550664334033038,18.065136771391828,50.0,57.14285714285714,361642.85714285716
Changan,9,113396.29117199205,157073.82910548217,0.7610541858794639,16.56786160528505,55.55555555555556,55.55555555555556,698888.8888888889
Fiat,102,38460.60272891516,65097.47218204924,0.9541022945339747,15.998531617194203,50.0,60.78431372549019,327710.7745098039
Toyota,103,273947.3775743205,760726.3675154471,0.851260207053842,15.95307331895933,56.310679611650485,70.87378640776699,1817374.3689320388
Land Rover,49,672532.8276738324,927082.7022376251,0.9278658282439504,14.350672430831734,46.93877551020408,67.3469387755102,5066428.571428572
Subaru,13,76890.35942864297,110376.28096933574,0.7766989263200339,14.155019285400089,53.84615384615385,76.92307692307693,701153.8461538461
Skoda,83,92417.44609362201,163864.14691197718,0.9585580642512284,13.986662071757443,56.62650602409639,72.28915662650603,942566.265060241
Jeep,44,141551.20932961043,201727.4594124503,0.9659868752389577,13.380013867657691,50.0,61.36363636363637,1324431.8181818181
Mitsubishi,71,82929.11871782082,168487.1229419165,0.8633564877023243,13.315341174652357,60.56338028169014,74.64788732394366,711295.7746478873
SsangYong,8,172056.25997845517,220889.01074113604,0.7386174436471145,12.976752708246497,37.5,62.5,1210000.0
Mercedes,285,376961.9171349427,732973.094833247,0.8864402237041428,12.276137329919747,58.59649122807018,72.98245614035088,3174333.3333333335
Honda,16,87516.98415084223,132911.31177408574,0.9609173545777108,12.268589444644851,50.0,62.5,766250.0
Citroën,31,74786.10620899648,106221.28885909596,0.9286009170236523,11.875193721460928,58.06451612903226,70.96774193548387,768195.1612903225
Peugeot,95,76600.30849631144,107786.63791200885,0.964054960208291,11.70049916479534,58.94736842105262,71.57894736842105,795600.0
Renault,153,71170.76374863888,231941.04394731522,0.5672841604585024,11.700185472016127,60.130718954248366,73.20261437908496,554928.1045751635
Mini,17,137368.86045772556,186262.80109598883,0.9070106842250566,11.478581413952483,47.05882352941176,76.47058823529412,1155882.3529411764
Kia,175,101244.71152313844,193185.58027005583,0.9245329708274751,11.44970401849129,60.57142857142858,77.71428571428571,986508.5714285715
BYD,25,89499.84670323838,155645.5336385262,0.9649571369141214,11.307583313123846,60.0,80.0,773400.0
BMW,134,233675.04117449402,425628.5505775465,0.9430321682652513,11.052344375443319,61.19402985074627,79.1044776119403,2222985.074626866
Daihatsu,11,49001.771794716195,67099.76487063154,0.8695618943808412,10.994357229677348,45.45454545454545,81.81818181818183,484090.9090909091
Chevrolet,162,39714.32194241861,88827.2210101807,0.5652008837121143,10.956382972334623,71.60493827160494,83.33333333333334,401401.23456790124
Speranza,52,24479.396946505967,32099.161647187175,0.5970062031805055,10.81900666483059,59.61538461538461,75.0,235230.76923076922
Daewoo,91,43664.35958289553,205132.07637591753,-0.06398241431117047,10.690232904382292,65.93406593406593,72.52747252747253,268395.6043956044
Opel,113,50406.04673855347,70189.98354115317,0.9565245228393773,10.523107523928864,65.48672566371681,78.76106194690266,615646.0088495575
Ford,24,50878.54138216371,66077.3198133852,0.9163583137028422,10.514253432673055,62.5,79.16666666666666,529166.6666666666
Hyundai,226,71210.98161294956,101475.0234870835,0.9585178806142804,10.4989727428629,61.06194690265486,80.08849557522124,776774.3274336283
Audi,22,119339.99190690034,158115.06196489994,0.9730132760547705,10.464627318330887,63.63636363636363,86.36363636363636,1899545.4545454546
Proton,12,32285.555990646117,38604.04254387867,0.8716416104642623,10.460566094492595,58.333333333333336,83.33333333333334,334583.3333333333
Brilliance,14,32778.59911655252,43134.95335416945,0.8052014617970145,10.22624139126572,64.28571428571429,64.28571428571429,351428.5714285714
Seat,35,78361.1288940083,112044.73870438781,0.9512442850495578,10.075316173066504,57.14285714285714,82.85714285714286,770571.4285714285
Geely,34,39303.919895300234,52066.6283102776,0.945198633150977,9.883436520349642,58.82352941176471,76.47058823529412,425147.0588235294
Jetour,22,136626.75758670538,203436.67842644238,0.5004066657016621,9.720903789579074,63.63636363636363,77.27272727272727,1362500.0
Lada,27,20383.123736535777,26852.78062043845,0.9455501381681077,9.631872146235894,77.77777777777779,77.77777777777779,254740.74074074073
Suzuki,37,40060.43074492977,57487.23469469859,0.952363796926839,9.523776871712984,54.054054054054056,81.08108108108108,474027.02702702704
Volvo,5,224891.93667068315,298945.61018614314,0.9646056463017021,9.361474263095007,60.0,100.0,2158000.0
Jaguar,6,299509.58641306515,337403.09307394497,0.8895344878767885,9.179156329952026,50.0,83.33333333333334,3616666.6666666665
Chery,86,63949.86844812236,110387.42385564752,0.895934763565088,8.145028698830444,72.09302325581395,86.04651162790698,753201.1627906977
Porsche,16,421668.745129953,516172.8033219148,0.9373349041751164,7.256318948950441,75.0,81.25,5962500.0
BAIC,10,84671.22452140033,95188.48918021785,0.9388091630950314,7.222207092746472,70.0,100.0,1228500.0
Nissan,114,85680.09846468759,276102.1875604408,0.9688524877384674,7.192927662943379,72.80701754385966,89.47368421052632,967988.5964912281
JAC,8,56179.3460730443,78308.35782609331,0.770491740708169,7.061745684319326,62.5,87.5,714875.0
MG,65,57767.343064677014,75671.92397688731,0.9203313664346737,5.694223862351353,83.07692307692308,96.92307692307692,1020230.7692307692
Cupra,15,75727.21859479332,102958.82820143933,0.8062156572876369,3.778650863469916,93.33333333333333,100.0,2088000.0
