make,model,n_test,R2,MAPE_pct
Mercedes,E200,35,0.9838164850451452,12.438414152453475
Peugeot,408,5,0.9757530149621364,8.2167295145454
Volkswagen,Golf,12,0.9750845692299216,10.648836224812118
Audi,A3,8,0.9729539574661225,3.7545239064895055
Opel,Corsa,15,0.9725644950828856,14.691325788582388
Land Rover,Range Rover Evoque,8,0.9717390119640814,4.948626233442193
BMW,318i,8,0.9679387019068092,8.508633165266302
Skoda,Octavia,18,0.9649047019152944,6.369757586414298
Hyundai,Accent,26,0.9589328830584294,9.40669464666263
Land Rover,Range Rover Velar,5,0.9587989308189712,3.244044790644015
Honda,Civic,10,0.95873381628845,26.2382376274582
Mercedes,C180,51,0.9573902920031306,7.879786273659896
Audi,A4,5,0.9571159495456965,16.158394771525714
Volkswagen,Jetta,7,0.9512579340345556,7.504538991072137
BMW,X5,10,0.9480759166793652,7.2979822965843075
Suzuki,Swift,8,0.9476939912674048,37.21148267618318
BMW,X3,10,0.9463097122844166,8.20304939589697
Toyota,Corolla,45,0.9456215591906268,8.099612957076689
Volkswagen,Passat,16,0.9450199207479302,12.908603898637873
Seat,Ibiza,18,0.9429315853142244,14.432321773308466
Nissan,Qashqai,19,0.9416171999857672,7.209877914188889
BMW,520i,19,0.9386609140856098,12.047345694656968
Mercedes,C200,25,0.9349541217674578,9.712111570761024
Mazda,3,8,0.9319263591297788,6.949950776708668
MG,ZS,12,0.9307881053616708,3.676717165597445
Hyundai,Elantra,22,0.9306668316962766,8.137850972597267
Opel,Mokka,6,0.9298564985037452,7.650759819169596
Renault,Duster,14,0.927891304731696,6.248979165704903
Chery,Tiggo 3,11,0.9271010134984335,3.329578686197366
BMW,320i,24,0.9228814031210116,9.937950853770756
Nissan,X-Trail,5,0.9225824323413692,15.69304249614366
Citroën,C4,6,0.9167165778815128,15.107995965790272
Mini,Cooper,11,0.9144359385367656,10.880355969510497
BMW,218i,5,0.909725130323814,9.725960835719546
BMW,316,6,0.9066357473697888,5.405050732588537
MG,RX5,13,0.904910399940242,7.009239844395991
Chevrolet,Optra,39,0.9047287784075922,8.41597806586333
Mercedes,200,8,0.9035880535887936,26.42759802371102
Ford,Fiesta,5,0.9019631725670336,12.489333775657192
Kia,Carnival,6,0.9018125487015494,8.174053809335673
Mercedes,CLA180,5,0.8982552278485678,4.603876287061604
Skoda,Kodiaq,24,0.8959636088475362,4.234960269596765
Porsche,Macan,7,0.8926663388621338,5.7492340913448405
BMW,116,5,0.8900982282815406,10.180746382132416
Kia,K3,10,0.888195042826412,6.607642022829004
Ford,Focus,9,0.8847629844434057,8.33285910167723
Peugeot,508,10,0.8844044931518327,11.15517735117278
Mazda,323,6,0.88279994810102,43.769759268700994
Opel,Astra,34,0.8820268834289858,7.818374889472178
Chevrolet,Aveo,21,0.8813987015900323,5.358930164383313
Citroën,C5,7,0.8799696415001921,8.738793309960782
Kia,Sorento,6,0.8756896502244375,12.272341125036956
Mitsubishi,Lancer,20,0.8734968761893176,17.203886840942825
Peugeot,3008,18,0.8723983695813025,7.413101209299796
Mercedes,CLA200,18,0.8713993644435553,7.2738459980247265
BMW,X1,20,0.8709529997563277,9.270602441533468
Nissan,Sunny,40,0.8632800338190265,11.20537513913555
Chery,Arrizo 5,18,0.8614465582805919,5.623588992598378
Jeep,Wrangler,13,0.8613058752607857,7.661364492403385
Mercedes,GLC300,14,0.8612440900141851,4.210845601897268
Mercedes,GLC200,5,0.8562597676649687,6.4056226409297
Fiat,Punto,8,0.8519136416392874,15.866942424485106
Skoda,Superb,7,0.8478482662828544,7.91256694434457
MG,6,12,0.8468763936387719,4.023370095463661
BMW,X4,8,0.8430412565543044,10.838339696615126
MG,HS,8,0.8359781038818479,5.765477773002238
Volkswagen,Tiguan,16,0.8331175953676914,5.983506932502568
Mercedes,V250,6,0.8278292524022751,7.7277217743211475
Daihatsu,Terios,9,0.826779966339446,10.654326289324272
Nissan,Sentra,28,0.826685120252991,6.204621271005872
Kia,Rio,15,0.8254965664664443,8.11313923058242
Hyundai,Tucson,25,0.8224897614511113,4.323585817441388
Opel,Crossland,7,0.8193000828012171,6.351696928284712
Mini,Countryman,5,0.8153685320192705,13.576353356544962
Nissan,Juke,7,0.8146868380872982,7.338966004685961
Volkswagen,Polo,12,0.8061574309046919,20.91541960443205
BYD,F3,21,0.8052978285203076,9.049459028454802
Renault,Logan,45,0.8021342431618254,11.079296673314632
Audi,Q3,6,0.7957529912004897,6.029927891369883
BMW,525,5,0.7922777076816998,14.55354472720655
BMW,X6,5,0.7918133029600877,9.28672722430222
Hyundai,Elantra AD,8,0.7881814391049287,6.187648798278657
Jeep,Cherokee,12,0.7874734319826655,18.934076137463567
Skoda,Octavia A7,5,0.7802921966553787,3.8976179478212143
Mercedes,G63,6,0.7600363294622444,23.3907781237988
MG,5,19,0.7458612374817519,6.581275755897963
Peugeot,301,9,0.743310312310915,6.6547186499763935
Citroën,C3,5,0.7383404383616059,17.77414794014135
Land Rover,Range Rover Sport,11,0.7369151442227997,14.7474582399534
Suzuki,Alto,11,0.7264529238638617,16.0174486883166
Kia,Pride,10,0.7212322372731557,15.562240395657009
Chevrolet,Lanos,39,0.7169166148799702,9.694847201146088
Mercedes,Viano,6,0.7155198560138716,10.468066483662108
Hyundai,Elantra HD,7,0.7108637882144258,8.924205764480284
Opel,Vectra,17,0.7001913444517107,17.32887586639709
Kia,Picanto,10,0.6966744361198761,8.923117385324977
Audi,A5,7,0.6720020748626592,15.292509577879516
Jeep,Liberty,5,0.6602091296506098,9.211834444919202
Renault,Sandero Stepway,8,0.6599418325462124,8.761905409843585
Renault,Kadjar,12,0.6390608176499344,6.25537859803369
Hyundai,Accent RB,7,0.6302081101010422,5.628519662294389
Porsche,Cayenne,5,0.6202937325593437,10.841914115755875
Speranza,Tiggo,5,0.6133013107779997,10.001536076997434
Mitsubishi,Eclipse Cross,5,0.6036337911610687,11.122617111128204
Lada,Granta,13,0.5973478071182822,14.537724822667798
Mercedes,A200,6,0.5881964964831947,12.84401277642782
Lada,2107,8,0.5851051263669108,16.25966872855479
Renault,Sandero,7,0.5848009122219595,6.210903333059181
Hyundai,Verna,34,0.5825810485223235,9.784429027051155
Peugeot,5008,5,0.5604535467395547,8.605803651887097
Opel,Insignia,15,0.5523711155563384,7.59666506869125
Kia,Cerato,24,0.5271494758451167,11.043100671053562
Chery,Tiggo 7,8,0.5210491149247942,5.542114388052936
Peugeot,2008,6,0.5207582048498016,17.692097095119053
Suzuki,Van,5,0.451254226969859,20.66222381034662
Jeep,Renegade,10,0.4435166923672246,7.801962046871089
Hyundai,Getz,5,0.4345831029306222,6.83356943078226
Chevrolet,Pickup,5,0.4141872112152913,42.58338064837807
Daewoo,Nubira,24,0.4116417097283454,7.22871530156721
Kia,Sephia,9,0.4024190195585041,9.243135877583883
Mitsubishi,Lancer EX Shark,11,0.401808928594209,6.272080899437944
Kia,Sportage,34,0.3906037074418372,17.1902817658219
Toyota,Land Cruiser,7,0.3899776603827087,19.432509811785334
Mercedes,S450,5,0.3544650496633525,9.91546848649234
Renault,Clio,8,0.3522447979900608,21.48115483554284
Fiat,Tempra,5,0.3513522458192594,13.817146149185527
Skoda,Felicia,13,0.3258725853768709,19.99323966634483
Speranza,A113,18,0.3208396035535943,9.18266917357385
Chevrolet,Spark,7,0.3103315364579079,12.1152073267313
Daewoo,Lanos,18,0.3012269927365905,10.497928600336811
Fiat,Tipo,16,0.278857572168243,7.42886205822515
Fiat,Uno,7,0.1954930417883694,15.856815617911632
Mercedes,S500,5,0.1849876827562838,22.83718582704353
Kia,Carens,12,0.1575204457223596,7.907203659758169
Fiat,Shahin,17,0.1569263472065228,14.634762562430486
Daewoo,Nubira 2,12,0.1371508949663683,9.186902246186856
Toyota,Yaris,9,0.0699381944742902,7.836914716672871
Hyundai,Matrix,19,0.0554031297602947,9.120227265319045
Chevrolet,Cruze,13,0.0305936395434313,11.548237162661978
Peugeot,504,6,0.0174231066263442,36.203391610129685
Citroën,C Elysee,5,0.0091594300863022,8.217564459220347
Skoda,Octavia A4,9,-0.0038438599912242,11.484022091092072
Chery,Tiggo 8,5,-0.015539624872946,7.252281986974721
Mercedes,E180,9,-0.0307976962632099,5.558993672221645
Renault,Megane,28,-0.031146607453514,12.292173214934056
Chery,Envy,11,-0.0477936651312707,8.863480574099023
Speranza,A516,13,-0.0559235076526116,13.855018394791768
Fiat,Siena,11,-0.0959852830881156,21.86685316385296
Xiaomi,Yu7,5,-0.1114158987472022,10.52067422920754
Jeep,Grand Cherokee,16,-0.1146445553822501,13.066741836034556
Daewoo,Lanos 2,5,-0.1201763737590169,15.643698851340254
Opel,Grandland,8,-0.2722876425598726,15.936656101562106
Fiat,Regata,5,-0.5158587458872781,22.25182647047746
Renault,Fluence,7,-0.613096929355665,12.412077769236175
Fiat,128,11,-0.6676354270671547,23.794034837037493
Geely,Emgrand 7,9,-0.7591740369042752,11.92379391280105
Toyota,Fortuner,9,-0.7878179991657679,12.5412130968328
Mercedes,GLE450,7,-1.8147241360302528,14.213439500502744
Kia,Spectra,5,-7.404889835588872,18.55870795103024
Peugeot,405,9,-9.51668693523738,31.23857352293267
