make,model,n,MAPE_pct,MAE,R2,mean_price
Jetour,X90,11,2.7854065592255393,41319.343903549605,0.7083571106570625,1501363.6363636365
Cupra,Formentor,23,3.1804729281009103,63388.28610573795,0.7704544198213306,2133435.1739130435
Geely,GX3 Pro,8,3.2176666616672374,25519.209430034098,0.7843013343098342,818750.0
BAIC,BJ30,12,3.3324033586626536,56339.46364934391,0.20938007135820402,1694575.0
Kia,Xceed,23,3.3966206517739272,43394.03948103531,0.8390134746990284,1316086.956521739
Jetour,X95,6,3.59324211663015,44916.8245086895,0.5795373847955838,1233333.3333333333
Jetour,X70 Plus,9,3.785176118355333,48846.80566778805,-0.13772098427105628,1297430.5555555555
MG,7,10,4.164680212958205,69476.90817068117,0.5244766021214644,1638500.0
Chery,Arrizo 6,11,4.2803822962694875,43763.27806051268,0.0274283248437992,1029274.5454545454
Soueast,S05,9,4.2860741068493535,44812.4937358373,-0.6053876117622361,1071111.111111111
Suzuki,Baleno,8,4.408745568495781,37167.16970851278,0.8357672691523872,846875.0
Chery,Tiggo 7,51,4.550541156676014,40502.860036701764,0.7463044388640383,911176.4705882353
MG,ZS,62,4.555459269904522,48183.3874242646,0.8788201275515064,1036387.0967741936
Cupra,Leon,27,4.596895199876158,84550.78980800437,-0.25243939649665403,1878111.111111111
Jetour,T2,32,4.606250580173875,77179.93646668363,0.3319684369672117,1923906.25
Jetour,Dashing,13,4.777730078307023,67931.13505946395,-0.9532249910819419,1394461.5384615385
Citroën,C5 Aircross,17,4.783436222770551,55498.42375116682,0.923878901463518,1287061.7647058824
Hyundai,Accent RB,44,4.934334757484851,33674.96422764932,0.8848596276569733,701022.7272727273
Chery,Tiggo 3,59,5.158296551409493,31768.671862504856,0.8670491544621555,656864.406779661
Rox,01,17,5.271789578166519,174805.6808992633,-0.27441219845950404,3723823.529411765
MG,6,32,5.3414332266843525,45561.88250338805,0.7920755517385665,886250.0
Nissan,Sentra,89,5.373225885678146,38540.39787805108,0.8559908499134109,766179.7752808989
MG,One,15,5.621644922882244,61669.54326960076,0.18330173211487233,1407563.3333333333
Peugeot,407,5,5.687984508152751,20505.92527831693,-15.406457136959911,362000.0
Chery,Arrizo 5,95,5.750522901559156,32965.40280813287,0.8444016433192711,619842.1052631579
Maserati,Grecale,6,5.802323864949866,336583.55527909746,0.7848035561459732,5741666.666666667
Nissan,Qashqai,114,5.8117006266150035,49454.28227348646,0.9449744235883208,886535.0877192982
Jetour,T1,12,5.813472164920968,100294.61946110301,-1.137583222995345,1723333.3333333333
Porsche,Macan,35,5.901203689367508,273244.9582565743,0.8128857994323879,4765428.571428572
Nissan,Tiida,14,5.94113065020535,28685.752656403976,0.7574709731325814,449285.71428571426
Brilliance,V5,6,5.97929546959485,32038.351667073923,0.4071747291577683,546666.6666666666
Skoda,Fabia,10,6.037187041877125,26660.976864036766,0.9679068018270592,402000.0
Honda,Accord,9,6.067931292474368,84168.90497137065,0.9697311266005623,1513333.3333333333
Chery,Tiggo 4 Pro,19,6.076433786441669,58198.030937546304,-0.05842726057905212,974736.8421052631
BAIC,U5 Plus,19,6.187089838768948,56347.96404208086,-0.12120144984413228,905784.2105263158
SsangYong,Tivoli,12,6.190997114158578,52601.287345368684,0.449013524852803,807500.0
Renault,Kardian,8,6.288612580862204,56493.02583412606,-3.357835163724708,919375.0
Jetour,X70,13,6.328340869353596,67194.66254938589,0.6878674239874649,995000.0
Proton,Gen-2,16,6.338614572579932,21694.459965857084,0.807639833565482,359375.0
Hyundai,I30,14,6.365491068420935,67417.9737703868,0.9379156150651731,902142.8571428572
Peugeot,408,16,6.401344274333104,78379.29908153048,0.9689748049210575,1796250.0
Nissan,Juke,34,6.427459699128901,53563.10075250188,0.9155359832162944,822500.0
Chery,Tiggo 8 Pro,6,6.464304156136554,85503.90189933246,0.1703818495537317,1385833.3333333333
JAC,S3,6,6.547034678882062,37806.95179202253,0.5611269964362424,572500.0
Renault,Taliant,14,6.5922856549984825,51829.97473116398,-0.29544827335934887,799928.5714285715
MG,5,119,6.642263490682603,56304.535344983975,0.7594360015176241,848764.7058823529
Hyundai,IX35,23,6.652063609796813,60838.99807019574,0.39480869602581403,918913.0
Fiat,500X,12,6.6998247415106364,62471.9447315456,0.20069149281815368,1010416.6666666666
Volkswagen,ID4,11,6.797270921001723,108112.45893019858,0.5264081395564617,1651818.1818181819
Mercedes,GLC300,54,6.833553946350427,300834.40889835655,0.6653444867484339,5175722.222222222
Volkswagen,T-Roc,7,6.968854670598537,112269.71031772488,0.043460530318087276,1695714.2857142857
Hyundai,I20,6,7.072905761480618,49319.25503382127,0.9344285240620178,723333.3333333334
Opel,Insignia,51,7.099774004132915,67128.77684123677,0.5653175854825572,909117.6274509804
Audi,A3,31,7.111483135652015,102149.5250601228,0.94675441758076,1660290.322580645
Mercedes,GLC43,19,7.181279094529862,482205.22995907674,0.6873921922089459,6968157.894736842
Audi,Q2,9,7.186602411325876,136557.8927203741,0.8421858594752152,1882777.7777777778
Toyota,Fortuner,38,7.22465050283512,221851.70844346678,0.746842446874167,3257500.0
BMW,318i,73,7.248471884958637,64179.68458284729,0.9607666040218177,951575.3424657534
BMW,X4,21,7.259424678655965,212616.2009249326,0.9252224561355981,3299761.904761905
Proton,Preve,6,7.264766741564375,37151.841435237235,0.1799261844213289,533333.3333333334
Daewoo,Nubira 1,11,7.302011239402035,15787.018676839232,0.12676345168152847,208636.36363636365
MG,RX5,49,7.304265638075524,75481.08955423505,0.8780396023508032,1093448.9795918367
MG,HS,41,7.3153556262760615,87386.6454196141,0.717300125740495,1275989.024390244
Renault,Captur,13,7.315809477961838,38740.396570059536,-1.0880852005836,554615.3846153846
Seat,Arona,5,7.352815760948925,85202.23503943012,0.5207202287586443,1252000.0
Cupra,Terramar,21,7.363546592242096,121227.03058971275,-0.06597996969564424,2252142.8571428573
MG,GT,11,7.444415597391159,95924.97818760984,0.2214195827613914,1266363.6363636365
Mercedes,GLA200,37,7.462891980017823,185495.19273058866,0.8017496947563468,2440135.135135135
Mercedes,E180,38,7.466253023556464,173967.22206362858,0.40909868879593636,2533421.052631579
Zeekr,001,9,7.504474024220001,208387.7628675988,0.24336983292602,2603333.3333333335
BMW,330,9,7.511741992671331,118070.85653965059,0.9832610133235801,1764444.4444444445
Subaru,XV,19,7.543302857975504,64777.096525213856,0.5932477299362635,883947.3684210526
Peugeot,5008,44,7.55799189344958,104187.54210516493,0.9401978148195129,1509977.0454545454
Renault,Duster,82,7.57517402073718,53819.44898509781,0.9305265660311518,766548.7804878049
Opel,Grandland,37,7.627725540956036,348072.30803476967,-0.10717939656517173,1747027.027027027
Hyundai,Elantra MD,16,7.632027513067211,52832.77773255727,-0.33582971290065844,690625.0
BMW,X6 M,13,7.669764793649822,407803.6231915261,0.944457691744589,5720769.230769231
Mitsubishi,Xpander,17,7.704420948680654,92484.78701141465,0.31536702288001217,1281176.4705882352
Changan,Alsvin,6,7.723853275342239,43465.3335146246,0.8610883530140637,545000.0
Jeep,Wrangler,41,7.7762334008911775,92018.02809813834,0.7917632245416577,1217439.024390244
Mitsubishi,Lancer EX Shark,53,7.802405251560374,174383.46714314475,0.006186215169945997,808528.3018867924
Seat,Ateca,7,7.803834028273615,109077.0829441738,0.6420928751295731,1312857.142857143
Seat,Tarraco,14,7.8488039889671315,134365.44338307966,0.30735757356830384,1857503.5714285714
Hyundai,Tucson,136,7.851882783696973,119589.55060636818,0.6582825877134525,1587830.8823529412
Chery,Tiggo 8,20,7.912069728409133,78881.42889895577,0.5036299829455522,1113000.0
Chevrolet,Aveo,143,7.938920427308687,28634.870920352932,0.7707708829695112,387965.034965035
Proton,Saga,20,8.02184850748837,31317.06449045697,0.9040172248359588,471750.0
Nissan,Patrol,9,8.054425215563485,706162.2372300021,0.7653988132511615,8405555.555555556
Brilliance,FRV Cross,5,8.065965387271916,32032.009241831758,0.5388240049611852,392000.0
Skoda,Octavia A7,17,8.067932516997113,67856.76477413904,0.33674000873649546,864705.8823529412
BMW,116,11,8.096473174455666,45175.86590494149,0.8959534606443744,621818.1818181818
Mitsubishi,Eclipse Cross,18,8.098880945235905,97076.78264771885,0.7905248637628788,1253000.0
BMW,X5 M,13,8.120749703730535,300930.46277137665,0.9543163215572815,4930769.230769231
Porsche,Boxster,14,8.146614594146358,298633.2293617068,0.9259043955998465,5780714.285714285
BAIC,X35,8,8.14721730674358,72496.4416470304,0.2774935167216831,875625.0
Hyundai,Atos,17,8.149218810917896,15406.806247194192,0.8192954717546801,215882.35294117648
Kia,Picanto,69,8.190401386872349,39662.275819572016,0.8329724055858452,492657.0
Mercedes,C180,271,8.203814279134862,165245.8768220437,0.9455350696862685,2218667.896678967
Seat,Leon,31,8.21139638932008,81333.54275716268,0.93075956165695,1105354.8387096773
Daewoo,Nubira 2,42,8.215436816491454,21464.99352244759,0.21301968829553386,257500.0
Mercedes,GLC200,31,8.225548122463435,364488.2344126992,0.8013076741453425,4285806.451612903
BMW,I3,8,8.268601380857598,191379.9396050509,0.4945016975676131,2280000.0
Opel,Mokka,23,8.30880914701414,82247.00044388675,0.9156395013174466,1027826.0869565217
Kia,Carens,47,8.344542599110017,75354.6884476316,0.6716198809615006,794553.1914893617
Kia,Ceed,11,8.34584095629022,61182.45382198617,0.24205530779963746,765909.0909090909
Changan,CS55,13,8.43783081992567,98254.18470416241,-0.47267765014394425,1170000.0
Peugeot,3008,81,8.445768264573607,113869.05527294353,0.9069012770042298,1439740.6172839506
Jetour,X70S,13,8.452877065839793,91159.68054097502,0.37177853275491146,1091923.076923077
BYD,F3,100,8.4924970648909,32381.34932143931,0.9081705425950208,430800.0
Chevrolet,Spark,37,8.505977639289792,22063.610663462314,0.5481553266192803,255486.48648648648
Hyundai,Elantra CN7,25,8.551755823111789,107511.47421269916,0.6558105653470185,1209799.96
Toyota,Yaris,63,8.586206705308415,43209.12455886153,0.7092655056129078,504920.6349206349
Audi,Q4 E-Tron,5,8.656660055768416,174872.3977874779,-0.37564733953685914,2118000.0
BMW,X3,62,8.711211268993,159976.48631916512,0.9336407222252304,1911290.322580645
Fiat,Tipo,91,8.71435128509646,56540.28951973176,0.7184074630347244,732087.9120879121
Mercedes,CLA180,25,8.739038013879945,132639.51047411765,0.3283376160482625,1516200.0
BMW,X6,26,8.752855370875965,373094.2289741336,0.9469955957983364,4897692.307692308
Ford,Focus,63,8.793109850157247,50822.64537252459,0.8751419911874684,588730.1587301587
Mitsubishi,Lancer Crystala,9,8.801426180181533,27164.07624218676,-0.5837118417777871,272222.22222222225
Chevrolet,Cruze,60,8.836194394042455,40292.175786461245,0.33255720735677674,450633.31666666665
Kia,Seltos,6,8.837747417610924,129549.10951499536,-0.7788827074079265,1470833.3333333333
Chevrolet,Captiva,21,8.838387498704025,69574.52640028212,0.7094991690232304,864285.7142857143
Land Rover,Range Rover Velar,34,8.863279954036477,313699.670023631,0.8362365880819307,4297617.647058823
Mercedes,Viano,23,8.899890513344246,563809.4783512724,0.56865261676955,5982173.9130434785
Jeep,Grand Cherokee,89,8.911288235064129,354776.4398353872,0.36311100394078044,2721123.595505618
Audi,A5,21,8.934190122790447,230944.391340924,0.871616087342729,2801190.476190476
Chery,Tiggo 4,7,8.960637233693527,83305.22987413846,-1.9503907256617548,966428.5714285715
Chevrolet,Optra,207,8.964893826226373,35827.932344695524,0.8189803506681255,484483.0869565217
Mercedes,E350,10,8.973866402953314,346321.56703622866,0.516487851182918,3315000.0
Kia,Cerato,125,8.977394702790967,71368.95201106668,0.6934748943970392,778472.0
Brilliance,FRV,13,8.979552704937511,26879.5452419649,0.6176250941145003,316923.07692307694
Mercedes,C300,12,9.008483496504153,189073.55202556262,0.9072362291249948,2447916.6666666665
Chery,Envy,32,9.046789721962488,28341.9354293946,-0.025381312897374997,321446.84375
Mercedes,CLA200,71,9.108698685259691,255324.13949193674,0.7476970215850779,2712464.7887323946
Renault,Kadjar,48,9.123036298001185,74460.51477541025,-0.0011098756685539168,832166.6666666666
Kia,K3,42,9.14295631150119,90036.81637593747,0.7977976349891486,1025238.0952380953
Peugeot,508,64,9.237176419531146,98739.55996618813,0.8769670597636444,1020937.5
Hyundai,Accent HCI,8,9.269138039496367,71211.47523437958,-0.13748434150415134,773125.0
Skoda,Octavia A4,40,9.283235298433029,35423.90792000167,0.3413049381840857,364850.0
Opel,Crossland,20,9.287341156546427,66235.21460683744,0.2298843692463266,778250.0
Chery,Tiggo 7 Pro,7,9.292293584758562,119457.1364678675,0.5452234594589596,1192857.142857143
BMW,320i,108,9.34881496903493,131229.29527460822,0.9490188175126577,1716712.962962963
BMW,218i,18,9.348917125906567,144888.3735928722,0.8348325886466613,1555833.3333333333
Renault,Sandero Stepway,60,9.360577708580307,45758.99898778149,0.7954217358147819,531500.0
Hyundai,I10,29,9.36358392122886,37866.28842255457,0.7197807607583984,411551.724137931
Chery,Tiggo 7 Pro Max,6,9.365662329226021,122734.42533552933,-0.48930057919823766,1292500.0
Skoda,Kodiaq,81,9.377231302963379,181667.00207376567,0.7090495655490476,2271228.3950617285
Geely,Coolray,13,9.424578404147304,102625.58577026817,0.47845443970957213,1070615.3846153845
Changan,Eado,8,9.429100512056287,60720.06663763254,0.7688040017759192,836875.0
BMW,X5,47,9.46093449738849,414400.4640513078,0.9183922173277892,4239042.55319149
Peugeot,301,51,9.486388489960557,138227.82375611158,-0.026195005240694735,638725.4901960784
Volkswagen,Jetta,34,9.500870722922517,47015.46112689624,0.8093007746065599,591911.7647058824
Suzuki,Ciaz,16,9.501991360789164,68904.81659208372,0.5484085576907332,733749.9375
Lada,Granta,44,9.511552628819482,33804.49110428002,0.718268269555849,361022.7272727273
Hyundai,Matrix,72,9.589348893030973,41840.45538214022,0.12425736266592513,446944.44444444444
Renault,Austral,7,9.625183417764612,160155.37124487126,-4.6200500742227115,1608571.4285714286
Opel,Corsa,83,9.633726622589583,27896.211653305185,0.9790887562510295,366602.4096385542
Audi,Q3,40,9.6506783943824,194906.37709191715,0.7504922866270756,2117375.0
Peugeot,307 SW,17,9.72719391988502,39926.70872527484,0.22730311471101883,407352.9411764706
Kia,Rio,81,9.766041531266447,46196.20669090554,0.8815832963562195,484790.1234567901
Kia,Sportage,184,9.811412020562463,145060.7285618446,0.7591484288637855,1701358.152173913
BMW,520i,81,9.844670854939526,212417.6106502961,0.9450963904798054,2592901.234567901
Jeep,Renegade,40,9.850685914091848,100263.19102212694,0.48897083624782745,992750.0
Citroën,C5,27,9.85502017486211,99663.741795214,0.9087953720747755,1147037.037037037
BMW,420,9,9.8752058798326,384960.41622776055,-0.5207740597041741,3894444.4444444445
Kia,Grand Cerato,11,9.888649907655388,98053.257260409,0.1803163080435597,973636.3636363636
Citroën,C3 Aircross,12,9.894524274896966,88694.56768590597,0.1083540265821985,825000.0
Chevrolet,Lanos,157,9.897798755278604,28091.593086857407,0.6395972273397064,311585.9872611465
Peugeot,206,18,9.90322607563226,24835.684712665578,0.7116883358120452,247222.22222222222
Porsche,Cayenne,23,9.954408608435555,826244.2057655036,0.7656969702967041,7516956.521739131
Mercedes,V250,12,9.961943369287962,555213.7886546991,0.7622520107520154,5237500.0
Mazda,3,39,9.974240570813066,69483.20530139511,0.7217024614432147,644102.5128205129
Daewoo,Leganza,16,10.003993472781843,20095.152379153275,-0.38253956002080947,216750.0
Haval,H6,8,10.021568173714094,123515.51004623296,0.4821120673816899,1284818.75
Jaguar,F-Pace,11,10.056908681761985,336856.7944202064,0.8397539179114818,3718181.8181818184
Mitsubishi,Attrage,14,10.112015577930489,46130.05613494507,0.744762220477963,491428.5714285714
Speranza,A620,13,10.143774281833869,24606.65974176384,0.15185892668983136,245000.0
BYD,Song L,13,10.146151417347356,211814.46978212433,-0.5306860703980492,2060769.2307692308
Daihatsu,Terios,41,10.148471879748431,39090.46204080753,0.8939743176765791,459704.6341463415
Jeep,Liberty,15,10.16890950183591,50494.15344861724,0.5493904158514722,532999.9333333333
Geely,Emgrand X7,18,10.242143073773825,41257.258075581885,0.9051771141930188,510555.55555555556
Toyota,Rush,5,10.248216734856216,102627.4618891339,-0.3666151784638296,994000.0
BMW,316,40,10.305478320835144,75311.7760138398,0.8666857267349314,762300.0
Renault,Fluence,39,10.326313567947027,52820.904545499725,0.3811496860841205,520000.0256410256
Skoda,Octavia A5,13,10.329447069275123,54308.30536166915,0.3810367990099559,518461.53846153844
BYD,Song Plus,8,10.343590227140226,180810.25623783263,-0.06191737934542507,1796875.0
Speranza,Tiggo,16,10.375576321833002,43884.249964041715,0.7688795840807241,402437.5
Toyota,Corolla,191,10.40652698474904,83810.41622853435,0.9218091076720261,957736.9633507853
Skoda,Octavia,103,10.429464583204878,81205.36603867354,0.9609153473988953,880233.0097087378
Daewoo,Lanos 2,21,10.431860845987796,25686.460654197333,0.1152531837512819,249761.90476190476
Kaiyi,X3 Pro,5,10.432010618154312,99790.4830459205,-17.499072387172856,964000.0
DS,DS7,8,10.436767907061265,192591.39670236595,0.6724433791941478,1941875.0
Kia,Shuma,15,10.4375509473519,25065.49338266326,0.11012803592403264,248666.66666666666
Renault,Sandero,26,10.459078240954637,41066.43306530359,0.6603693728606101,402500.0
Skoda,Superb,46,10.526107051333627,160233.8022260915,0.7814967037263976,1889652.152173913
Hyundai,Elantra HD,33,10.529859109066631,68962.68132190587,0.6084431693480458,680151.5151515151
Skoda,Octavia A8,9,10.53783527411871,181676.93071556528,0.3736454066729846,1600555.5555555555
Mercedes,C200,101,10.589630851447138,256653.39438085433,0.8664950035602131,2825297.0297029703
Geely,Emgrand,10,10.669662060602398,45507.30777826263,0.9759125683789929,536900.0
Hyundai,Avante,36,10.69317366541312,88228.90161275618,0.8905308652273152,814000.0
GAC,Emzoom,5,10.707765744101971,137431.6860122017,-1.1355356852157734,1270800.0
Hyundai,Elantra AD,29,10.724612342361414,96766.73851721422,0.408178186422804,922241.3793103448
BYD,L3,17,10.729647847735613,39201.24900593756,0.7945550622634265,432000.0
BMW,118,9,10.775776209917117,134278.53420468405,0.5791654888871514,1137777.7777777778
Proton,Wira,10,10.780792642580234,20467.482240610283,-0.5432256974466714,187000.0
Senova,A1,9,10.796432451565673,37996.68117615072,0.45006775172193925,352222.22222222225
Volkswagen,Golf 6,18,10.85344426264389,101024.66340255435,0.7678150472335359,889166.6666666666
SsangYong,Torres,6,10.875603080669544,187229.77277225626,-5.475237369233222,1680833.3333333333
Hyundai,Coupe,6,10.915386111033234,42123.32308191527,0.2812683127980461,383333.3333333333
Mercedes,E250,11,10.915967745990361,215453.90222728523,0.7088876077126227,1891818.1818181819
Volkswagen,Tayron,10,10.9190180516614,314353.35596809565,-58.20011429280949,2880000.0
Mitsubishi,Mirage,6,11.004850587001691,36200.24415471572,0.2549497039843249,287500.0
BMW,X1,56,11.080029874048888,200470.55717941705,0.8097696195626474,1805357.142857143
Honda,CRV,11,11.127377010749393,162506.88655305404,0.9010077590776134,1960454.5454545454
Daewoo,Nubira,119,11.148545299323299,26229.437924191803,0.23987891266653372,248462.1848739496
Citroën,C4X,7,11.155883729070068,121303.367763776,0.3265146370668003,1217428.5714285714
Brilliance,FSV,15,11.272644411851857,37593.36402053353,-0.7708318261980442,315333.3333333333
Mercedes,GLE450,20,11.277060925703712,573191.8799594187,-0.8505677964570417,5317500.0
Mercedes,E200,176,11.293030012592396,258553.13993281464,0.9215255830668101,3461778.409090909
Citroën,C Elysee,25,11.36811272691876,53601.350552424024,0.38933557572394195,540200.0
BMW,X2,8,11.402997464990111,280353.76087206096,0.6652782750619104,1981250.0
Suzuki,Alto,36,11.442514311442983,26503.6130281001,0.750308944511916,252833.33333333334
Mercedes,E240,6,11.44614222543577,120508.32006818516,-0.016449776249635173,895000.0
Kia,Sorento,47,11.455927450058299,236013.9947213097,0.7806713007957857,2402340.425531915
Hyundai,Getz,22,11.53071967196873,60605.685138375404,-0.18773840290335997,447045.45454545453
Hyundai,Verna,141,11.584702539256856,39481.00623817849,0.5253106899942439,355702.1205673759
Mini,Cooper,41,11.652385534108284,176463.47073149282,0.8521000330327435,1262682.9268292682
Nissan,Sunny,246,11.67516788868558,56922.10559978689,0.2374831265556061,540493.8658536585
BMW,530,12,11.68215806347701,189911.2413094479,0.967377767083791,2219583.3333333335
Renault,Clio,47,11.682842118472372,22621.35179312186,0.3483781545160952,215000.0
Mercedes,E300,38,11.692444325018936,365350.0364933789,0.8210662024921418,3675921.052631579
Kia,Forte,11,11.701100883586678,82534.64567890808,-1.7387381755239413,675454.5454545454
Ford,Kuga,10,11.728671708998343,146421.37794913194,0.08827537939852059,923500.0
Renault,Logan,209,11.757823070330858,38337.70930538582,0.7622641046337123,382703.3444976077
Speranza,M11,14,11.806105042352291,29508.94376220415,0.33663803744277365,255357.14285714287
Geely,Pandino,30,11.807083834178579,31669.830965980967,0.22819663391289513,282000.0
Speranza,M12,5,11.843179817718603,30540.04892833465,-0.3665589820772732,259000.0
Audi,A6,8,11.844285730910235,519837.20883306157,0.6764638900444608,3775000.0
Saipa,Tiba,11,11.846971116562944,23027.389987131464,-0.389349261257695,214545.45454545456
Saipa,Pride,9,11.874272812531673,23014.91178313653,0.12599415475439868,174444.44444444444
Citroën,C4,24,11.98285217605504,82193.93540497012,0.9219500318625867,720000.0
Land Rover,Range Rover Sport,61,12.071660697157855,689701.298374102,0.8420617753326652,6031147.540983606
Speranza,A113,72,12.12351966459601,44496.60407254016,-0.010975865943765761,236861.125
Mitsubishi,Pajero,28,12.124298761455146,145411.9400146747,0.9034393203862504,1451071.4285714286
Chevrolet,N300,14,12.1251674301395,47368.81234967516,0.5916049626742772,416071.4285714286
Volkswagen,Passat,84,12.156396470037615,98862.40202110143,0.9512732273034096,994226.1904761905
Hyundai,Solaris,7,12.192776320905798,66989.04929420922,-1.145498475097816,587142.8571428572
Daewoo,Lanos,118,12.200121598525318,28874.76610222503,0.27080392147656773,249610.16949152542
Mercedes,CLE300,6,12.208923540153844,619982.5281081143,0.06906734817617088,5031666.666666667
Land Rover,Range Rover Evoque,36,12.235274170285496,321010.2582563854,0.7937647120480051,3379444.4444444445
Haval,Jolion,5,12.243181038553974,115072.48129870952,0.48759822321368274,982000.0
Mitsubishi,Lancer Puma,27,12.244306644198682,49613.76623690653,0.6552260889296962,443333.3333333333
Hyundai,Grand i10,11,12.257694837331426,62331.15079109762,0.20098833054707232,529090.9090909091
Hyundai,Elantra,141,12.264149923183219,88288.51441053809,0.8749947407675551,793078.0141843972
Mercedes,300,5,12.403561759694297,552600.3796831893,0.5841311030471505,3026999.6
Jaguar,E-Pace,5,12.446149005499905,408792.6805707659,0.8062428670656935,2996000.0
Audi,Q8,7,12.549059401528021,718900.2871137214,0.39005393920199294,5971428.571428572
GMC,Terrain,7,12.57963237967086,227907.28731172957,0.40034015991138183,1735714.2857142857
Mitsubishi,Eclipse,10,12.580193030974701,151389.53051395825,0.5629511264457698,1200400.0
Isuzu,D-Max,7,12.84110757184935,185388.34149705205,0.8756343828148846,1361428.5714285714
BMW,523,18,12.886376891340866,83471.39551173645,0.8891647655609176,659166.6666666666
Fiat,Petra,12,12.920226057409327,21266.1360236876,0.18939930419553952,164749.91666666666
Renault,Megane,153,12.940647423771473,77702.45378356535,0.5715723170456735,589673.1960784313
DFSK,EAGLE 580,8,13.051966304282908,89281.16330074285,-0.4079386434681056,706250.0
Ford,Escort,13,13.123554683867262,18353.398727007807,0.14764837182653878,139538.46153846153
Fiat,Grand Punto,11,13.300756259435179,54970.1136566889,0.47155928757910204,417636.36363636365
Volkswagen,Bora,8,13.395841720525926,52032.480986092734,-1.5100277229328638,379375.0
Opel,Vectra,97,13.614689284087708,36767.56018904727,0.7714485896512832,295886.59793814435
Peugeot,2008,45,13.718109928858075,124181.57615938186,0.6489325515620371,925777.5555555555
Kia,Cerato Koup,11,13.851646663069058,90669.48971698566,0.5333752373387067,678000.0
Speranza,A516,69,13.871239944417427,34946.39346292508,0.021451249979699605,240507.24637681158
GMC,Hummer EV,14,13.896004334856462,994972.6180643088,-0.016043087579159288,5601428.571428572
Avatr,12,20,14.09041637497895,435686.8704070011,-0.1296181481728571,3109450.0
Geely,Emgrand 7,59,14.205199193823814,51564.17907411443,0.22411595888787428,335593.2033898305
Hyundai,Accent,123,14.238410534788578,44578.099801268756,0.9229655153297259,417474.7967479675
Hyundai,Santa Fe,9,14.251489197182426,432447.5389442257,0.6127042764248964,2592777.777777778
Volkswagen,Golf,49,14.330248741167036,82942.56256396454,0.9165121919990945,610000.0
Daewoo,Racer,6,14.376884544464044,21418.43627111401,-0.5296007187404539,145833.33333333334
Seat,Cordoba,8,14.386426913621131,35490.4508012766,0.6781973868790576,270625.0
Speranza,A213,9,14.421111230196914,25996.442321449864,-0.8893493879259755,188666.66666666666
Mercedes,C250,9,14.46522779310572,182572.3548110703,0.3907621366777235,1283888.888888889
Chevrolet,Camaro,6,14.531143837615328,481246.32483993267,0.7941891320719032,3286666.6666666665
Mercedes,GLA,6,14.614903792778296,969918.57333364,0.20547275526615227,3666666.6666666665
Daewoo,Matiz,9,14.644633284324449,17252.995573625834,0.12349519434277667,129444.44444444444
Opel,Astra,195,14.661354177383092,45601.032181186296,0.8329833904272429,530923.0769230769
Suzuki,Swift,37,14.723747579184765,34851.55088947586,0.9780208670711643,374594.5945945946
Mini,Countryman,12,14.763679274673565,219332.75270181577,0.8489193554714429,1441666.6666666667
BMW,X7,10,14.772173990310533,858942.7863370664,0.5049887313793715,6258000.0
Avatr,11,5,14.86108551963095,391894.2853370335,-1.080606702596831,2690000.0
Mitsubishi,Lancer,76,14.875481399980185,57734.74490899571,0.8715306018364612,472894.7368421053
Daewoo,Lacetti,12,14.891485335912433,60259.14425429793,-1.4838688077894617,395000.0
BMW,528,5,14.895349498773452,209411.4126805292,-2.77302687277259,1360000.0
Kia,Pegas,5,14.901236350626574,90931.3510240489,-5.36694710816158,638000.0
Changan,CS35,5,14.903058638685987,100521.21154354197,0.6357866022726096,622000.0
Seat,Ibiza,93,15.177363591907028,77289.96633477557,0.9476749039867688,647879.5591397849
Kia,Soul,19,15.258883175593606,94174.80591390784,0.37606592889878987,755210.5263157894
Kia,Spectra,8,15.26626716429202,42326.37619119278,-1.9498001166310543,280000.0
Volkswagen,Polo,43,15.310875397379073,35118.32323806827,0.8506223774351064,270930.23255813954
Volvo,S60,6,15.325094794177815,137133.91370278303,0.2031661961334824,933333.3333333334
Xiaomi,SU7,8,15.358148060513848,427025.0400933498,-2.317967841489639,2748750.0
Hyundai,Veloster,7,15.52729682363107,86216.26506836868,-3.9050898065624517,572142.8571428572
Mercedes,B200,10,15.528327809195927,194837.08289802115,0.7599576981067996,1255800.0
Mercedes,S450,17,15.575531280105764,1143813.4795389571,0.1645587059142316,6798823.529411765
Peugeot,308 SW,6,15.614011755994783,74584.91232632435,-1.7290413503378281,455833.3333333333
Skoda,Felicia,57,15.639611942444304,20737.31357071919,0.2404774963012557,140228.0701754386
Mercedes,A200,35,15.653993982934757,424283.891475223,0.48894580837853696,2120714.285714286
Soueast,S07,5,15.895358090923448,218724.49508727185,-14.892942255201254,1388000.0
Fiat,Punto,43,15.985011255589503,42717.82758341951,0.8084512785208927,282720.88372093026
Suzuki,Van,32,16.009598138157692,37403.20854528987,0.7981564620786491,266218.75
Volvo,XC60,7,16.109349242432046,285880.2278358017,0.8518099657905097,1998571.4285714286
Fiat,Siena,46,16.374410108968238,23367.336895077344,0.042897550167470655,145586.95652173914
Peugeot,307,31,16.399922405197405,61978.214135991926,0.027682487621274232,367258.06451612903
Toyota,Hilux,13,16.415138064351293,387410.37208775285,0.836665666519435,3296923.076923077
Mercedes,CLE200,11,16.522765582559444,457280.0557319174,0.7222413929841198,3766818.1818181816
Toyota,Corona,6,16.602580901142918,39231.17757908948,0.978492799986385,573333.3333333334
Peugeot,406,20,16.62180150411399,46810.11253169573,0.22142592520425375,275000.0
Volkswagen,Golf 4,9,16.67985279575165,69971.60548235365,-2.914726648360075,422777.77777777775
Hyundai,Sonata,17,16.763547331311536,221431.14060266755,0.6107544280277182,1038529.4117647059
Land Rover,Range Rover Vogue,27,16.841298879001414,1526548.2441318184,0.790415545086548,12005555.555555556
Lada,Samara,5,16.99129946690598,13249.28267595137,0.7075945819132569,125000.0
Lada,2107,34,17.007709989670996,19985.58510343041,0.35574463901619113,121794.11764705883
Chery,Tiggo,10,17.038867124925833,95935.62179898817,0.7667523068366928,585400.0
Hyundai,Creta,9,17.074262169222695,198078.50033023042,-0.5750553999962893,1117227.7777777778
Geely,Starray,7,17.081021218090815,246658.2708132269,-2.3206509857813002,1374285.7142857143
Alfa Romeo,Tonale,9,17.095277961398658,365554.7165006094,-0.33222063285575154,2227777.777777778
Chevrolet,Malibu,9,17.186409070061266,97692.55885056249,0.8202030664458846,967777.7777777778
Suzuki,Swift Dzire,21,17.20898784641311,61195.866853019135,0.2739276275629112,587857.1428571428
Kia,Sephia,34,17.283019757704633,31474.94201891566,0.07343312106175859,205823.5294117647
Peugeot,207,6,17.33282071635521,71217.71338000105,0.031006241725556216,410000.0
Jeep,Cherokee,54,17.43385431393189,154841.2910255485,0.7119223741710465,772666.6666666666
Mercedes,G63,21,17.4874990530303,1901671.365186079,0.5717976021602025,12897619.047619049
Ford,Fusion,6,17.52847792444743,166160.9693899552,-0.019444386567364358,948333.3333333334
Nissan,X-Trail,14,17.570183205476187,148407.3049537889,0.9296285346651572,992500.0
Citroën,C4 Grand Picasso,13,17.59615276528714,82570.33586819842,0.7357719417929081,607538.4615384615
Chery,A15,7,17.657250723665495,30587.17710758856,0.11648802893315346,187142.85714285713
Lada,Niva,5,17.675827311253524,30400.498124156078,0.34909895393899226,124000.0
Citroën,C3,13,17.735377441677596,91111.53050396548,0.7782016646780645,475000.0
Honda,Civic,55,17.901118026492192,62190.51350297911,0.9466811782441935,558545.4545454546
Fiat,Palio,7,17.902529941485483,28473.82981430128,-0.5344997954348345,189571.42857142858
Hyundai,Excel,6,17.910200400385477,25670.784945268464,-0.07734711326703758,145333.33333333334
Porsche,Cayenne S,20,17.994758873090223,1291706.8361868504,0.600263610599687,7417500.0
Xiaomi,Yu7,19,18.085775759961695,463695.8746086212,-0.42756381689184986,3290789.4736842103
Daihatsu,Grand Terios,6,18.222991842604035,104655.58031830746,0.6104646093984625,581666.6666666666
Chery,A11,12,18.24700443213918,29191.1332172672,-0.6986149897558034,168416.66666666666
Suzuki,Celerio,9,18.336594050885367,87042.97365871778,0.6166915896958027,419444.44444444444
Fiat,131,11,18.54649050910518,15493.005185199703,-0.8741238299508307,76818.18181818182
Volkswagen,Tiguan,70,18.60578580057468,137359.579467195,0.6916354540920324,2047857.142857143
Ford,Mondeo,10,18.656115924689235,31803.310462987643,0.2313129658157721,199500.0
Citroën,Zx,5,18.723345899152704,21431.56082722472,-0.22570995405391248,124600.0
Lada,2110,8,18.72853586999364,26090.123681079218,0.014489931227358754,138125.0
Honda,City,20,18.781468244321875,60460.18783053594,0.7827574583251417,472250.0
Mercedes,Vito,7,18.817892360886315,1089515.869694691,0.6624443355314451,6350000.0
Seat,Toledo,12,18.896589438290945,79644.84295109926,0.8401460735672882,570416.6666666666
Volkswagen,Suran,5,18.986120025466818,62139.49785374522,-4.587037386571433,328000.0
Mercedes,CLS,5,19.162636092807475,692726.7790579011,0.6937982921561192,3508000.0
Mercedes,GLK300,5,19.180310728683548,193381.49875261943,-3.801663134036948,1060000.0
Volkswagen,Golf 7,5,19.283910213005758,236949.18155663236,-0.261810971107276,1085000.0
Fiat,Tempra,20,19.350937711545743,21535.23749477369,0.24125195658978227,127350.0
Alfa Romeo,156,5,19.481972340380757,41704.86362898713,0.19171856435899493,260000.0
Chery,QQ,5,19.537173241961668,27946.789846443084,-1.4680024900946327,140000.0
Mercedes,180,17,19.54850269395085,277019.16365336603,0.9099896482943646,1645588.2352941176
Changan,Benni Mini,15,20.005402931764152,70789.18437937359,0.10417907629493972,300666.6666666667
Fiat,Shahin,70,20.19130252376774,24655.157063325343,0.11018993529524701,127214.28571428571
SsangYong,Tivoli XLV,16,20.2239009933244,120273.04159308164,-1.5113090348692668,771875.0
Renault,Symbol,5,20.26526243274857,54742.44399060478,-3.5176369539531205,285000.0
JAC,S2,8,20.32804323734413,152132.55546818973,-0.6039334650499606,668750.0
JAC,J7,6,20.44246357980711,156705.47741464197,0.22471447643506648,847833.3333333334
BMW,525,12,20.67626564595234,82332.41034026611,0.7235021326480908,557083.3333333334
Porsche,Taycan,7,20.698924898812248,1079018.3648441576,-0.42799990465901394,5435714.285714285
Kia,Carnival,19,20.834990255317063,496671.9134963537,0.4521857334236161,2915789.4736842103
BYD,Leopard 5,5,20.856082805202636,528259.75097182,-1.326163833288894,2918000.0
Land Rover,Defender,5,21.191510235069206,1756940.8816114538,-0.1953869944459281,7490000.0
Cadillac,Escalade,25,21.197053615646688,2383053.6595345954,0.5485022879163488,12021640.0
Fiat,Uno,24,21.68125272274726,47856.86952238563,-0.0903087977169168,147000.0
Mercedes,EQS450,8,21.742091603463404,808524.744830805,-0.5276897969305099,4262499.875
Mercedes,B180,6,21.793238907738573,319876.91232970444,-0.007545883485020832,1220833.3333333333
BMW,M3,6,21.855047544121096,1331659.1918126885,0.6400565577533093,6891666.666666667
Mercedes,200,35,21.975318991747542,313899.30250897567,0.8732949803782222,1387857.142857143
Fiat,127,12,22.115004287761145,9142.845893799114,-0.045222747020749354,46166.666666666664
Fiat,128,34,22.233412451550656,13120.153923997244,-0.030718935857477536,58117.64705882353
Fiat,Linea,5,22.306452216825285,69861.00794725752,-25.02330733584922,313000.0
Kia,Pride,41,22.47839887552048,36115.00560355739,0.4165001771628517,173170.73170731709
Peugeot,405,53,22.536626394530806,43564.52315893343,-0.10373333986290278,179811.320754717
BMW,M4,6,22.718179942013265,1606942.464024352,0.5211383986211117,7975000.0
Toyota,Prado,13,23.01442573625712,972507.5058496736,0.607376413029521,4261538.461538462
Mercedes,190,5,23.270005783414703,53638.635257859365,-0.5693661672774151,223000.0
Citroën,Xsara,6,23.363422229715923,47523.66298194998,-0.2739430671541756,225833.33333333334
Peugeot,308,10,23.542587619306797,173615.54658736964,0.7473154190711017,692000.0
Daihatsu,Charade,7,23.614330962523518,44245.149007816835,0.7063509681523187,185714.2857142857
Subaru,Impreza,19,23.710922467858005,77820.00013354217,0.7149110869706732,495263.15789473685
Mercedes,GLE,7,23.755403190722454,2364733.363348662,-0.10381540757984742,7600000.0
Fiat,Regata,22,23.80516226951638,18144.63270014949,-0.12477594246368895,77250.0
Chrysler,Town & Country,6,24.197829948732142,139768.29532663611,0.804456340183699,731666.6666666666
Audi,A4,14,24.22553154089029,158708.58683244258,0.9316656295670123,1322500.0
Ford,Fiesta,20,24.232697498529618,47322.91090061225,0.9120238637226009,327250.0
Fiat,500,9,24.408606214746687,174468.0138575855,0.20609774486799282,654444.4444444445
Lada,2105,14,24.47150459279377,70770.31915237616,-0.05166579960480466,138142.85714285713
Mitsubishi,Colt,7,24.630801783425056,76031.41648799973,-0.6704941200781218,266428.5714285714
Proton,Waja,6,24.71895665922432,53270.898845382275,-1.002978733410698,235000.0
Suzuki,Grand Vitara,9,24.719322873236965,212622.7284305362,-0.4285565326907568,544444.4444444445
Chery,Tiggo 8 Pro Max,8,25.332343813958946,426917.0833549048,-26.518678155108653,1670000.0
GMC,Yukon,5,25.48762317438079,2342859.9325191034,-0.272339668894755,9289000.0
Chrysler,C300,5,25.7612683730982,334331.1370324945,0.34330379436612224,1322000.0
Alfa Romeo,Giulia,6,26.08106453288821,440475.57691498357,0.4665312811817468,2331500.0
Lada,1200,6,26.409661900368107,20303.916425487667,0.3649734959132037,76666.66666666667
Zotye,Xplosion,11,26.691900172517457,64590.05301545789,-2.8267447492785616,244545.45454545456
Mercedes,EQA260,5,27.07798417126878,585531.852255954,-18.231556559398594,2210000.0
BMW,I7,11,27.33750926976825,1619118.644817873,0.11355319546786413,6250454.545454546
BMW,740,17,27.589443031101656,567449.4244398581,0.8996818739548249,2767352.882352941
Suzuki,Vitara,6,27.611402228461092,145239.29050019835,0.6988674239853462,582500.0
Toyota,Land Cruiser,35,28.15946502266662,1570577.9059631492,0.33140772773773497,6523714.257142857
Chevrolet,Pickup,15,29.949950440047296,188856.8714519363,0.3595933394187012,588000.0
Mercedes,GLS,16,30.01944685266933,2389055.6869030846,-2.8884826738475264,7840625.0
Skoda,Favorit,10,30.791466791049594,28165.13998084938,-0.17399899178988276,104200.0
Tesla,Model Y,7,30.856824650331028,811542.7441142292,-0.7237995912864126,2885714.285714286
Mercedes,GLC,9,30.928143928897594,3185455.340348836,-0.2885986751658871,7233333.333333333
Fiat,Dogan,6,30.93140425111855,36263.858757450704,-3.174749981658209,116666.66666666667
GMC,Sierra,7,31.353086355394755,1211473.807829402,-2.993099632286857,4285714.285714285
Volkswagen,Beetle,6,31.354454500752656,136129.8972223516,0.8477813124132283,469166.6666666667
Mercedes,S500,20,31.43988244036876,967432.6181261828,0.8241010600503353,5025000.0
Dodge,Ram,7,31.609510269344522,1707183.6787183105,0.5854962488017906,4735714.285714285
Volkswagen,Pointer,10,32.84392189281682,51536.623437095936,-2.4613815568804953,174500.0
Audi,Q7,15,33.026016070754295,658545.2139367672,0.37173861391396457,3300000.0
Brilliance,Galena,10,33.337216882489194,92130.52431371604,-3.9691111857536683,287055.5
Porsche,911,5,35.99814349875965,5598257.249319526,-0.41998843420852094,14020000.0
Land Rover,Range Rover,16,36.9117534605694,1477915.0820329022,0.3268083207225557,4468125.0
Mazda,323,16,37.14958827201999,75200.87941915414,-0.04029571391280884,155125.0
Tesla,Cybertruck,7,37.21187995872862,3394742.8592196805,-0.46953378515801836,7511428.571428572
Peugeot,505,5,37.86344020249493,66322.0871208229,-3.7209061939669086,169600.0
Citroën,Ax,5,38.57260600245765,32095.53683670155,-3.1247947897684796,93000.0
Peugeot,504,9,38.7838984368045,38472.529911394,-0.7585108918513437,117777.77777777778
Changan,Benni,8,41.716515083931505,91046.49456899904,-2.8669730922144416,217500.0
Mercedes,S400,5,43.555309846749424,1792020.1056912348,-0.9238928193297236,3770000.0
Fiat,132,7,45.67170572517957,37212.82234164285,-260.5245323003785,80714.28571428571
Volkswagen,Parati,8,46.16047119448211,83791.43874564607,-0.596601147604122,212500.0
Dodge,Charger,5,48.07269477945438,2009355.9617234848,0.2809198627096652,4096000.0
Daewoo,Espero,7,54.90900936421276,322457.3530070454,-0.1231668279011251,401428.5714285714
Volvo,XC90,8,61.803724005530746,854415.9680744442,-0.2357195473768836,2821875.0
Lada,2017,10,70.23005680554839,71198.76915739456,-1.0987327298553806,124300.0
Daewoo,Juliet,17,82.04946898550862,78160.56258641597,-12.960201151258385,247647.0588235294
Toyota,Cressida,5,82.91017360144437,118066.7842752398,-0.2576884993519195,162000.0
