ablation_name,framework,MAE,RMSE,R2,MAPE_pct,Within_10pct,Within_15pct,Coverage_80_pct,Coverage_90_pct,Mean_width_pct
baseline_v1,WeightedEnsemble,150593.86325308098,605558.621958141,0.8875250419963173,11.32582524124563,61.24000000000001,76.75999999999999,72.44,86.11999999999999,35.17027492489349
baseline_v1,XGBoost,154313.76649314666,613958.9998852761,0.8843828670540117,11.536772678690198,60.08,76.16000000000001,72.92,88.0,38.89850100912727
baseline_v1,LightGBM,154151.03235920702,606744.8389053625,0.8870839604127951,11.583935075528236,60.84,76.32,66.03999999999999,80.44,30.23179170463544
plus_log_mileage_km,WeightedEnsemble,149526.9804615729,599086.7220188628,0.8899163441565523,11.26039039565855,61.839999999999996,76.92,72.39999999999999,86.4,36.036944040482076
plus_log_mileage_km,XGBoost,151114.1148657042,601332.0973343686,0.889089611305723,11.44648664951721,61.44,76.08,72.88,87.76,39.12487595005859
plus_log_mileage_km,LightGBM,154028.53733426073,607987.908965977,0.8866208124031817,11.509549895281278,61.24000000000001,76.0,67.32000000000001,80.60000000000001,31.90427381386549
plus_mileage_ratio,WeightedEnsemble,150848.72060053505,603086.062609745,0.8884416609363152,11.352439935967645,61.63999999999999,76.44,72.16,85.52,35.49038322483326
plus_mileage_ratio,XGBoost,152475.60107128267,603844.343518491,0.8881609522794841,11.5118060393508,60.96,75.84,72.96000000000001,88.0,39.11400367141009
plus_mileage_ratio,LightGBM,156357.8353160495,613130.4081440434,0.8846947274767999,11.714242544893214,60.199999999999996,75.72,65.8,80.24,30.689894737769404
plus_year_bucket,WeightedEnsemble,150969.29759861107,602399.8607559198,0.8886953825623964,11.33421116618685,61.28,76.84,73.2,85.68,36.181391258201415
plus_year_bucket,XGBoost,152394.71544780908,605174.6411560639,0.8876676360585121,11.504089932993049,60.480000000000004,76.64,72.36,87.48,39.015895978720074
plus_year_bucket,LightGBM,155579.96754206158,610638.1961602733,0.8856301929068611,11.585715602390392,61.08,76.08,67.08,80.16,32.32248025217317
plus_make_model_count,WeightedEnsemble,149547.69039881064,598313.089211354,0.8902004744367652,11.246104486912968,61.6,77.0,72.64,86.0,35.89343153077231
plus_make_model_count,XGBoost,152448.82073385187,603658.0134865228,0.8882299626408096,11.460048024208952,61.040000000000006,76.28,73.24000000000001,88.08,38.669905878286855
plus_make_model_count,LightGBM,153547.4319107809,604278.0670484747,0.8880002332208684,11.47588144652869,61.36000000000001,76.03999999999999,68.0,80.52,32.10592388600952
full_plan2_bundle,WeightedEnsemble,149772.74792876316,594168.495741648,0.8917163972026252,11.257428732057488,62.32,76.92,71.88,85.76,35.273980280961524
full_plan2_bundle,LightGBM,152388.73938300117,604927.1438994993,0.8877594980267765,11.458090980612228,61.919999999999995,76.52,67.08,80.72,31.57185362212979
full_plan2_bundle,XGBoost,153345.79856198406,596414.4643475238,0.890896221688356,11.465284122068468,60.68,75.96000000000001,72.48,86.83999999999999,38.00584718581811
